,A,B,C,D
2000-01-01,0.5476719644241868,0.5011607248237315,0.39591902204258267,-1.9771812308928003
2000-01-02,0.3708050615858341,-0.21621207058866365,0.3222229835842234,-1.07450660422468
2000-01-03,-0.9666312999643878,1.1440103034074687,0.2738010195327158,-1.3116201996271686
2000-01-04,-2.994887567620574,1.7860440440713354,-1.170131063724985,-0.5187067213342664
2000-01-05,-4.335006520212245,1.2452697675002118,-0.7399359926495397,-0.5964022376880891
2000-01-06,-5.009948400222697,1.1863748441418174,0.2737730340181588,0.7540864403489518
2000-01-07,-4.176261858511023,2.3504921362232136,-0.7216868522850473,-1.0199097261706267
2000-01-08,-5.186170737942911,1.7530663456468383,-1.6391588213808859,-2.146872318210936
2000-01-09,-6.476153157514069,1.029255663400257,0.3156219023648119,-2.098911560991002
2000-01-10,-4.911956500631486,0.8127875136001458,2.2128282886641575,-3.3478013006861738
2000-01-11,-5.512009345775874,1.3499896439393724,2.078912651599842,-2.475039794652044
2000-01-12,-4.318869318136436,0.7650838325358479,1.0120341403681161,-3.454701903882526
2000-01-13,-4.532530633054003,0.34184888755905324,-0.5375497772814386,-3.7463666137735427
2000-01-14,-3.957199772368,1.4902536006226341,-1.8133478056755983,-2.91294179655694
2000-01-15,-3.1322141406333004,1.0956279352692573,-2.1044360126052544,-4.263646807973852
2000-01-16,-4.438619505701287,1.1636806217913054,-0.796132075618244,-4.039569357401742
2000-01-17,-4.6117572213975775,-0.6603247306577507,-0.46117157296677497,-4.176750503609113
2000-01-18,-6.180715301183811,-0.7324417174328637,-2.1178858615806178,-4.33810090603212
2000-01-19,-6.743881788485238,0.12817008297243093,-1.7714467370949891,-2.329592891091993
2000-01-20,-5.271884353413054,0.1256174038904935,-2.275412188636568,-1.6832348058543944
2000-01-21,-3.840608103700537,1.049274060011883,-1.981486191380614,-0.4977930381712219
2000-01-22,-3.8367695838623876,0.8917885494058002,-3.152349784487292,0.8829758365634297
2000-01-23,-5.359593862096759,1.836591337302154,-2.3985328542804543,0.41937171346809393
2000-01-24,-6.318859221381695,3.858360856119508,-2.809431823807943,0.7273883212871727
2000-01-25,-7.01653040573726,3.8641717437512186,-4.8435560276608225,0.15765804066033962
2000-01-26,-8.694025333178777,2.844366599911664,-4.4076010968622725,-1.0621029487400324
2000-01-27,-9.001096006650869,3.145565009129582,-4.637346821649048,-0.38093964164725114
2000-01-28,-9.489468960570147,3.4889275783708187,-2.630506796875892,0.22391089617461069
2000-01-29,-8.072478589162948,4.255948984286285,-2.7537146624574005,-0.6376626289549581
2000-01-30,-8.395866538680867,6.111548975890807,-3.2409066044998545,-1.0543942363847212
2000-01-31,-7.757217368603427,6.5097681173550805,-2.3752724363087547,-4.044628346883311
2000-02-01,-8.105583758260314,6.871667538909249,-2.610626253769314,-5.452523541641427
2000-02-02,-7.6123851906129545,6.508324431443296,-2.8275975512099096,-4.3753261297985055
2000-02-03,-7.295122491821031,6.686449301382878,-0.2810456328124129,-4.85486938273849
2000-02-04,-7.841486929320836,8.832449707856004,-0.31981184645760896,-6.66925777604853
2000-02-05,-8.121562945840264,7.804908371944245,1.2527917769886103,-6.013738935244666
2000-02-06,-7.421938097340291,7.163301938722425,2.231032371160496,-5.545725589816456
2000-02-07,-8.374082451282394,7.056573627310874,2.3688884059239106,-5.431594419269805
2000-02-08,-8.258203858670747,6.224913983510731,1.974241295753489,-7.546424828669029
2000-02-09,-8.976274947776869,7.728149533553915,0.44653577210357653,-8.281588338229586
2000-02-10,-6.283681833571203,7.377625303087849,0.4303134386716113,-9.287976308554647
2000-02-11,-5.958742877046898,7.8037004583109075,-2.5366166002262043,-9.170466190570691
2000-02-12,-4.972786127218552,7.332704216298097,-1.4974611198597607,-10.800989717254922
2000-02-13,-4.828121383752848,6.552164707640922,-1.567738765615261,-10.81754083042155
2000-02-14,-4.86394995332897,7.298749024480695,-0.9755573687571995,-12.653280373987823
2000-02-15,-6.059669579965823,6.661882845183641,-1.0720623265551368,-13.534016620841799
2000-02-16,-6.296423985143592,8.207190875276494,-1.1875053631765644,-14.279784973673348
2000-02-17,-6.519451189002515,7.729231833663801,-1.836368430958921,-13.606925830351368
2000-02-18,-6.977292521163049,6.587791031154468,-2.3462275794530165,-13.619330289679764
2000-02-19,-5.714524075454065,5.699435646787726,-2.469040834524253,-13.791024215392396
2000-02-20,-5.386800545257465,4.002459050526182,-1.3993189696815629,-13.710256151567082
2000-02-21,-5.406612072323671,3.332800602639083,-2.0603225472889526,-14.04574663112696
2000-02-22,-4.364323974055782,2.3646935886943545,-2.878833787702016,-13.079282259509016
2000-02-23,-4.1014862068730205,2.9140990125956097,-1.655432760669383,-14.760624128488363
2000-02-24,-2.43289740532182,3.297772029194181,-0.1924869443218291,-14.900946383996866
2000-02-25,-3.725469709220909,3.9208471665414755,-0.5835748732626758,-14.222067115700678
2000-02-26,-4.2424044266570915,3.8890138919854715,-1.7119790923785978,-13.332707521968802
2000-02-27,-2.8101435959388374,1.6990320051292223,-2.1436447787024115,-12.754913553627715
2000-02-28,-2.4146537919312956,0.33853840254507417,-3.171682598787599,-13.739260708077685
2000-02-29,-4.280660616520958,1.4133820467635785,-1.7779347617654089,-15.283136442567857
2000-03-01,-3.403155756543785,1.861813536236208,-2.7994315178961156,-16.71762483215689
2000-03-02,-4.295347074705172,2.5041451904064393,-3.443153566075151,-14.615140498795599
2000-03-03,-3.027747180633041,1.3449567553977877,-2.6806168160575092,-14.60339359847837
2000-03-04,-4.233229256302036,2.2564271427979525,-3.8497686482842335,-15.840520339679268
2000-03-05,-3.6092583008137864,4.042712781933526,-4.849353120667249,-13.589943414827827
2000-03-06,-3.7011340785867954,4.9099407064157585,-5.076817736649051,-12.176630843791926
2000-03-07,-3.7053043571262694,3.7775237515465747,-4.86820884026727,-11.131189533722
2000-03-08,-4.515124611014658,4.2507415299519264,-3.922784648989329,-10.725429554881375
2000-03-09,-2.958942543756269,3.753536304737578,-3.6376478315430782,-8.57254395860338
2000-03-10,-3.092180133670034,4.181312165825619,-3.5660015592382335,-9.576543848985958
2000-03-11,-2.7698673083055425,4.54974058605955,-4.75549887967294,-9.933132191096963
2000-03-12,-3.2146664369469033,4.935818941791169,-6.400174948359004,-10.411490452193737
2000-03-13,-3.5033133835240102,4.549107473602667,-6.038795048429504,-10.367817614168178
2000-03-14,-4.734674145678291,4.772550446134426,-6.886260419134731,-8.816054520577145
2000-03-15,-4.978093323268415,3.5009880803150537,-6.579818499717649,-7.3799263186477955
2000-03-16,-4.855593355011392,3.5681418595813477,-6.385594172545548,-7.091326633528507
2000-03-17,-4.550339392635536,2.5968462212219405,-6.218444048664082,-5.97023848629418
2000-03-18,-3.6885397103316517,1.3611630829035808,-7.144013942912259,-6.106645140652566
2000-03-19,-4.143007348420527,0.6386879494850785,-7.640512098915168,-5.044923300103656
2000-03-20,-2.298018675471498,-0.21397052514933446,-7.7868849483977876,-4.614757008733067
2000-03-21,-2.408452580334687,1.5992790467180424,-8.752910669243702,-4.3133241025270666
2000-03-22,-2.694292041794348,2.4650026043212336,-7.285138623158188,-4.589899060146904
2000-03-23,-1.2990222484024956,1.5809785161259629,-5.510380886563097,-4.877467657703737
2000-03-24,-0.30243218659526483,-0.36601236009056226,-6.459359896604385,-5.199104383117348
2000-03-25,-1.2875013145087348,0.2618412435419979,-7.01021374996742,-5.938854007997258
2000-03-26,-1.669579784022964,1.115969440550101,-6.493041660832496,-7.972315266841085
2000-03-27,-2.3347299291622994,1.9195362500824622,-6.260961851473186,-8.616845347941517
2000-03-28,-2.631406886800138,3.023658069581403,-6.919236578959292,-8.715820644302703
2000-03-29,-2.2983499108910577,3.376121906126214,-5.580798867963659,-10.030231852629985
2000-03-30,-3.0565046225683568,2.2936130200810405,-4.915846520468506,-10.277117888687844
2000-03-31,-3.609216762291695,3.0086009158098705,-4.73744991092484,-11.387411623503517
2000-04-01,-4.369076136265207,2.864350780520653,-2.875056621419816,-10.20603481855071
2000-04-02,-5.755079396028736,3.5525003949797984,-2.9001138453461475,-11.212795076448499
2000-04-03,-5.952154039647899,2.4352250174098655,-0.5885567823220099,-11.375922308947732
2000-04-04,-5.324962895663304,1.6419564429506148,0.6635402231758165,-11.95294211233572
2000-04-05,-6.197327827291392,-0.46212870678675877,3.248589623376664,-10.866220979270992
2000-04-06,-7.537643009722247,0.2471669138449205,2.6756413691575496,-9.494298283931027
2000-04-07,-6.849088128818642,0.7509861369715087,3.2877116506024486,-9.2772350193735
2000-04-08,-6.530132692475062,-1.0635700337099805,3.8607664977713325,-8.387592339137402
2000-04-09,-7.255392756346991,-0.579644208305067,3.909556662008644,-8.009492971073335
2000-04-10,-9.419936219300702,-1.4019734732547566,3.795444447757865,-8.307527915140748
2000-04-11,-10.763367283628467,-1.06994371174798,3.911560540753485,-7.827297005632982
2000-04-12,-10.810339390425272,-0.9099117790129915,2.7765786463628475,-9.163994198256232
2000-04-13,-10.59830820459475,-2.0475952356285867,1.3129766716096758,-8.321801590777477
2000-04-14,-9.8990468970175,-0.869978715880591,2.0991853755282786,-9.074238989288416
2000-04-15,-9.374925257551705,-1.5709923831425372,-0.8538089585135555,-10.680852163501427
2000-04-16,-10.817568643719394,-2.312440077225215,-0.3759539177176179,-9.603310120402277
2000-04-17,-11.845283670346117,-2.2153758478274006,-0.9110803100308682,-10.97981150846429
2000-04-18,-10.408402255514458,-0.8882413472972912,-1.359402644070948,-10.607482644903529
2000-04-19,-11.49386535201965,-1.5436074021564041,-0.700369771008463,-12.315238375648324
2000-04-20,-10.733688214960537,0.17615265190944096,-0.2418415634990943,-11.63973966700461
2000-04-21,-11.531530154244106,-0.6722880793946878,-0.6050405576536039,-13.237413782450352
2000-04-22,-10.338413591516236,-0.497807886856535,-2.0422131599080826,-12.243633629000616
2000-04-23,-9.697953612223504,-1.7221257368300702,-1.5293351071396788,-14.191820072566793
2000-04-24,-9.975311341362909,-2.01583825119313,-1.9908067039985258,-14.213234743409476
2000-04-25,-9.781060223680482,-3.0520267326249737,-1.4546059974359997,-16.28831637493298
2000-04-26,-10.718139619048575,-3.125468268164963,-0.21222731167753972,-14.363594181359991
2000-04-27,-10.180316185190566,-2.7647496434520447,0.28001043813686255,-14.066343773907418
2000-04-28,-9.362745314604007,-1.724336138128482,0.8910325199832697,-13.550049116003777
2000-04-29,-9.120062579520516,-0.8818917753801017,1.1511813913813969,-15.49161864792011
2000-04-30,-9.8765616232295,0.49131858063498335,0.182765050654356,-16.249928498561186
2000-05-01,-10.518143310986357,0.167044322933095,1.151730535615613,-15.84877770928693
2000-05-02,-10.254855936914828,-1.7741633810494188,2.1028439965504258,-17.28780437898962
2000-05-03,-9.109853605313251,-1.3483025281699939,2.3659322442761215,-18.112468882956634
2000-05-04,-9.392654918223432,-1.446616565789399,1.751073547978631,-18.60097502478686
2000-05-05,-10.939423737826141,-2.8475900876113007,0.4590467442282633,-18.527587646142017
2000-05-06,-9.754412757231895,-3.4816586043799456,-0.37865199454859466,-18.620051550600817
2000-05-07,-9.418819089141735,-1.9512318352175906,0.36802676973133597,-18.53707127934406
2000-05-08,-9.679898092415648,-2.4776338152267523,2.5646903409121036,-16.8846652979589
2000-05-09,-10.427043990768388,-1.9493509750906388,3.183273465749223,-17.12345836408322
2000-05-10,-9.895691135691699,-0.39978329436380045,4.927938970706036,-17.76317875171245
2000-05-11,-10.0453376058717,-0.7126041677547272,4.783001981489583,-16.668721116233645
2000-05-12,-10.245257911651464,-0.1067179063290501,4.28634769799106,-17.40929276610192
2000-05-13,-10.951842489633956,1.26851658353225,3.7703813617498017,-16.122860757911624
2000-05-14,-12.291121801242108,1.3585758551989162,3.690519979474103,-15.811524217917562
2000-05-15,-12.035653393479777,2.659693639437897,4.441460049733237,-15.809683740768971
2000-05-16,-11.275766238639779,1.7414612072300482,6.752176472102673,-16.158465806323203
2000-05-17,-12.258678814476136,0.6619858210983347,5.8456040942313425,-19.025143808001577
2000-05-18,-10.95605299764257,0.7410590082528459,6.326628589285485,-18.558456128153
2000-05-19,-9.767108348771227,0.2774243205110036,5.877267259185677,-22.022961026138773
2000-05-20,-9.11905323352706,-0.008759231932593092,6.111851628615701,-21.575934851277356
2000-05-21,-9.171656028158626,-1.4868803598805402,6.134748297094895,-22.359000576102947
2000-05-22,-8.976428857440688,-1.9062484142615475,6.087641649762954,-23.290936846933775
2000-05-23,-9.63679907772257,-3.7525240233698587,7.405116667136965,-21.778050701181726
2000-05-24,-9.655752956763749,-3.980084782929275,6.8403915035307445,-21.482058970466944
2000-05-25,-9.390424528939146,-3.684864293557248,7.3364432460378906,-20.421825320840227
2000-05-26,-11.54378797395951,-5.543032096021758,8.271727316469349,-20.17877299102552
2000-05-27,-10.484110950600611,-6.410465215809478,8.656515442194275,-20.0557242026742
2000-05-28,-10.558657899313427,-6.6528734634792785,8.79192474179742,-19.32805833386268
2000-05-29,-11.78329791681631,-6.5434169131073086,9.66927891804411,-19.090782979457494
2000-05-30,-12.247794718520433,-5.164227811663579,10.629695969308752,-20.10610516778142
2000-05-31,-13.154143788744275,-6.101222342125893,10.67778602942547,-21.489808262146333
2000-06-01,-14.96848769359198,-5.2177321573488,11.234106344387179,-21.89523721820812
2000-06-02,-15.619374553009512,-4.62676529912794,12.072303017460172,-21.468921965887876
2000-06-03,-15.62313166670495,-5.306958028179192,11.013437101515425,-22.43378876494084
2000-06-04,-16.571313737747438,-3.8220915874365744,10.60348309898108,-21.856122229729248
2000-06-05,-17.14739569237575,-4.456801261438895,11.021143790069601,-21.56069623670784
2000-06-06,-16.90118065510974,-5.469418794813556,10.494513930078385,-22.624469964543625
2000-06-07,-18.553165706156868,-5.04178863903574,10.297374504610836,-22.88143835444159
2000-06-08,-18.066550137939473,-5.666262694426179,9.108424214619227,-22.186504636480745
2000-06-09,-19.317680075583844,-6.741783387896765,9.712605347331133,-23.086620958895608
2000-06-10,-19.014524626246168,-6.561984069345109,10.155101494507216,-23.841189143814272
2000-06-11,-18.758610698651015,-6.69261155134709,9.991277862026498,-23.46161336695331
2000-06-12,-19.338245174692283,-5.788058780587316,8.376477377359095,-22.86347773133374
2000-06-13,-20.692807286005856,-6.011129079075285,8.464898905498568,-22.456617612680315
2000-06-14,-21.657748224084223,-7.5821052264385775,9.372040559075275,-22.836555044691224
2000-06-15,-21.536279597004512,-7.018588289832822,8.61754509912739,-22.402729219175164
2000-06-16,-22.62842793470279,-8.553941813615237,8.817088682173578,-21.858339234911153
2000-06-17,-24.483028791336793,-8.584381811695799,6.845282448594229,-21.51589976198672
2000-06-18,-25.310193747131542,-8.29260573843362,6.843227585338988,-19.743794159823324
2000-06-19,-27.04909988604439,-9.781749699104253,6.6065223167974825,-19.672759219725858
2000-06-20,-26.314832423315885,-9.862089647870576,6.145415375970256,-20.69445735766182
2000-06-21,-26.82743837179743,-8.958905446392752,6.482674194252721,-21.53174931742998
2000-06-22,-27.034789845144484,-8.68503166399311,6.261284898505607,-21.048430791959987
2000-06-23,-27.59007693926649,-9.319313762635504,4.285220788815263,-20.37601104849376
2000-06-24,-28.623622615069543,-8.312136002904309,4.790005585503128,-21.40890967560374
2000-06-25,-28.707492906957402,-7.997403179140987,5.6357189219302235,-23.119847957315137
2000-06-26,-30.117978917098274,-8.317366232107279,7.090830300107229,-22.569038885206243
2000-06-27,-28.758690407754372,-7.856428289907667,7.283207044001616,-21.9600137931756
2000-06-28,-28.87971152847963,-8.176292356220312,6.202609541344354,-22.631259623467717
2000-06-29,-29.835989037480463,-6.817026395839189,6.308206780313883,-23.11522843448568
2000-06-30,-30.841356476306885,-7.050726532689872,5.575387499313149,-21.757200465444132
2000-07-01,-31.480062543891787,-7.710104557989883,5.579296244123927,-19.704704341999303
2000-07-02,-31.219113084950614,-8.23973297317613,5.348222779761021,-21.725318563940185
2000-07-03,-29.48713980219158,-9.402193952000541,6.632311166389356,-21.652760127241375
2000-07-04,-28.730228868315855,-9.431277965063398,4.659959770785418,-22.032418338401207
2000-07-05,-29.064080460221195,-10.297450276965872,5.542001707794093,-20.68547521468819
2000-07-06,-27.998861190861923,-10.305601780577062,4.636788210717956,-20.783121071213763
2000-07-07,-27.856204216755447,-9.680449442564072,5.107853095698659,-21.16721084099617
2000-07-08,-28.9254045283341,-9.561558713741118,5.78713375245505,-21.91146253196656
2000-07-09,-28.20375260698194,-9.699716919999954,5.878030198397522,-21.73522221722772
2000-07-10,-28.094356261295633,-12.202821395790547,5.917940891313262,-22.322773569094274
2000-07-11,-28.566316192758702,-12.776551252639871,5.498851443426165,-22.038544584060393
2000-07-12,-27.597570807674266,-12.485155490731659,6.283206635191883,-22.597506274014112
2000-07-13,-29.468813273834854,-10.722943532113266,5.440345769619563,-22.01363091202858
2000-07-14,-30.10270885169689,-9.576130612228384,5.217967973153303,-23.41957508397535
2000-07-15,-30.302607910298462,-10.015639340566883,4.634936153326622,-23.330131471140295
2000-07-16,-30.583459195937284,-10.994305309068151,3.714693285313067,-23.234743987548114
2000-07-17,-30.35815421693307,-10.878795383090857,3.849900155538847,-25.12202966954208
2000-07-18,-31.29418814817402,-12.017383433775333,3.6757406480145516,-24.71920807029721
2000-07-19,-32.28203280725951,-11.073648193665253,7.119550886585796,-23.76128725672736
2000-07-20,-31.84769193807215,-12.677180776488889,8.16533386416012,-23.197305717684074
2000-07-21,-30.490485996590124,-12.837471214969675,7.560646000170175,-23.240100837288885
2000-07-22,-31.384618484526403,-10.828281653643916,7.036487430316514,-22.63971376843985
2000-07-23,-31.31027347553645,-11.773567762048057,7.900095315561758,-23.142748735271024
2000-07-24,-30.47410424727463,-12.27545227876492,7.199917243133192,-24.845037288693405
2000-07-25,-31.702379578746505,-13.068156497866497,8.686623420221895,-25.146638380621397
2000-07-26,-33.01175849400783,-12.336489397499907,8.83782004705191,-27.178343021763844
2000-07-27,-32.43384344899449,-11.76284660956705,8.788880024223147,-28.298339251170088
2000-07-28,-33.09884226071249,-14.09049688856685,8.977750120777642,-28.209283765533005
2000-07-29,-31.72090578620511,-13.547849956949413,7.955791394358771,-27.96574572477712
2000-07-30,-31.675672453946504,-15.945631896203729,8.857702590365179,-29.08782401805844
2000-07-31,-31.368970474904295,-15.15593536714437,8.408633184556686,-29.302183110874132
2000-08-01,-31.79953683617641,-14.974607990262731,8.761019860635551,-29.064705870333604
2000-08-02,-30.940158131446672,-15.401998273203096,9.013541146376209,-29.800665660199655
2000-08-03,-31.828276190004473,-15.618440525648818,8.32231688275168,-30.39766030164834
2000-08-04,-31.904360098426107,-14.348430101909294,7.59652981677263,-30.655232080087366
2000-08-05,-31.150521769991272,-15.54616909682004,8.439647176655855,-31.38920543850337
2000-08-06,-33.04895476096305,-16.30791237079741,7.821319002654791,-31.49650944879508
2000-08-07,-32.683031742884594,-14.565530416740922,8.355750932355976,-31.07695307908166
2000-08-08,-31.99914897658656,-14.56505059368033,9.305751317038135,-32.47588197031901
2000-08-09,-31.787051850912516,-14.959872692939799,8.473355160153744,-33.52763146097276
2000-08-10,-30.3147564704137,-13.26962506843637,9.84005251583606,-34.201102064621196
2000-08-11,-28.529978767183938,-13.230122423205092,9.884700474392842,-33.732230478679824
2000-08-12,-27.504808084386127,-12.408360210526219,8.616430442745598,-33.494658614448426
2000-08-13,-26.608126536654808,-13.340919497874289,8.522062595088048,-31.79796412731319
2000-08-14,-26.843358894658756,-13.334895069964785,9.44546574351509,-30.458926308571268
2000-08-15,-28.504196035288548,-13.156143583647935,8.922985129754094,-29.64950208211902
2000-08-16,-29.366192824325754,-12.476493231994352,8.675447358683602,-29.199537284914438
2000-08-17,-29.075661896777273,-11.803850474324502,10.69345536266598,-28.981759297621878
2000-08-18,-30.742747505114554,-11.408903020947832,10.48693402607882,-29.09575654536991
2000-08-19,-28.651447113376328,-10.191194725268439,10.587345944109106,-30.739673196026324
2000-08-20,-26.728527681873395,-8.119087597823887,8.999573249395219,-31.861729174834245
2000-08-21,-26.565751507698188,-9.68187377617945,8.755517735857971,-32.31081717374553
2000-08-22,-28.329645141636025,-8.855085120441556,7.9803198131358455,-32.25179337845641
2000-08-23,-30.02106482625765,-7.11769706874237,8.629787360395934,-32.80948901961881
2000-08-24,-29.77705061035113,-7.756190824496225,9.54856955588643,-32.15328037398646
2000-08-25,-30.498468723895343,-9.518620958227954,9.204379830422198,-32.079833799920415
2000-08-26,-30.75096262270597,-10.036251322850223,7.533246765595058,-31.514669388466924
2000-08-27,-30.44505470626658,-9.921416527992939,7.858136778774906,-32.20641837672932
2000-08-28,-29.32429747015604,-9.348504129020846,8.07750644286096,-31.330096036103246
2000-08-29,-29.657276780554334,-9.12493563515507,7.5174539499399335,-30.374940802836488
2000-08-30,-29.347002153728337,-8.029826358344016,6.882826994096603,-30.392359868361616
2000-08-31,-27.567361852048812,-7.962276107207972,5.677567214610841,-30.82325966228682
2000-09-01,-28.020611659930047,-7.248724184885394,6.574226208320079,-30.172867972297638
2000-09-02,-30.50266778708503,-7.264273863706266,6.366628739840383,-30.432905412884047
2000-09-03,-31.354351690786253,-7.6173565306430016,7.175011051047315,-28.9252794786332
2000-09-04,-31.752180440516177,-8.771957272364691,9.85415252500755,-29.533371322129906
2000-09-05,-32.63341392372715,-7.878930181839802,10.18918149607654,-30.402190015748673
2000-09-06,-32.656796489369626,-6.539361452743592,10.671236912834388,-30.415595560704347
2000-09-07,-32.52352463855325,-7.685982116329209,10.69790004262544,-30.16989237375229
2000-09-08,-32.01953773043104,-7.323182312716287,11.766786758766186,-28.93420766556334
2000-09-09,-31.66504656235806,-6.719005513520508,11.401994705579403,-30.41844187802451
2000-09-10,-32.55868454982845,-6.862576011153925,12.100121199755847,-32.48651210164589
2000-09-11,-31.181042453456556,-7.2739358086879315,13.586378216436323,-33.03074548527548
2000-09-12,-32.63190080933505,-9.756022627508921,14.114620188105487,-34.004264538079994
2000-09-13,-32.554137844816736,-10.619860395828537,12.632496157388047,-33.47135010756583
2000-09-14,-31.734458096834622,-10.824046815557539,11.735917232551904,-34.93710326833966
2000-09-15,-31.32139526505658,-11.2072386393063,10.734150599562915,-35.110689378280036
2000-09-16,-29.622473094914067,-11.519958999283226,10.353871183445978,-35.22229368786268
2000-09-17,-27.70686919033767,-10.504188883619062,12.724630989616031,-35.13440124557145
2000-09-18,-28.192210078046454,-11.393669654315035,13.951748673632334,-33.37073562402052
2000-09-19,-29.18641943469768,-10.20085398323336,13.97752007563497,-30.969425739128795
2000-09-20,-29.319224383986118,-10.384261069552633,13.13439231068101,-31.416712114002483
2000-09-21,-27.718561969206903,-10.55041745059672,11.146852623780505,-30.278495278254944
2000-09-22,-28.233569710854937,-11.650298141040459,10.716730343790374,-30.296349546796485
2000-09-23,-27.089975723073103,-10.523997732206492,8.424617753576024,-29.422551683437167
2000-09-24,-25.215267895757574,-12.656223969175933,7.582646363156503,-30.416117860833246
2000-09-25,-26.180553415411254,-12.441246226761637,6.890354363631686,-31.165486362733994
2000-09-26,-28.686156387605713,-11.586336244878673,8.213799850612265,-30.21705289286203
2000-09-27,-29.06419780979467,-9.996188010413105,8.353516949373702,-30.225454700341075
2000-09-28,-29.56559543292579,-9.31884196752302,8.996965683000719,-30.56895233567581
2000-09-29,-29.416826316892063,-8.515400366835706,8.952452688925439,-29.85962760183095
2000-09-30,-29.02087690838082,-9.952704329566998,7.6116593973948525,-29.81945263626695
2000-10-01,-28.755733062589137,-10.414397003945254,7.552657654294313,-30.428081988904623
2000-10-02,-29.32952438135191,-8.598165379521008,6.702634216525189,-30.4062235840312
2000-10-03,-30.67571886335014,-8.846548525562355,3.95306200915019,-30.542659565015892
2000-10-04,-29.907467493266314,-9.926221387695566,3.4782780036516048,-29.996765684922885
2000-10-05,-30.382827801534443,-9.216499993650494,2.5968772649829135,-30.670062022944684
2000-10-06,-30.13763192776174,-9.779363049054181,3.772942871358147,-29.449243886568766
2000-10-07,-27.78701198332586,-10.822904091054804,3.1913640091483924,-29.85252187700763
2000-10-08,-28.158550601300675,-10.276123247144183,4.342476664060397,-29.983259487384196
2000-10-09,-29.610369412653558,-9.547892188243653,4.300519498008646,-31.651642161860597
2000-10-10,-29.978127703017336,-8.606495269396097,3.385794821464644,-31.26572436371336
2000-10-11,-29.83738029794956,-7.407532487814851,2.950934285740729,-31.765012046779013
2000-10-12,-29.508862776761568,-7.3395241943914655,4.100116425915462,-32.9727933095896
2000-10-13,-29.3342675920395,-7.539018287338668,4.3097933167495395,-33.885803441264336
2000-10-14,-29.536568042519427,-7.05801218716785,4.151272663738786,-33.706555143042564
2000-10-15,-30.767021061611732,-6.2425776502380685,3.23398744870813,-34.47499995992802
2000-10-16,-29.48423357734622,-6.822604893802914,2.967336794917162,-32.569598663502276
2000-10-17,-30.88685521835571,-6.770502083553101,1.5038625381783932,-30.287392348237738
2000-10-18,-33.44215626716664,-5.473365994843837,1.3144155561226947,-29.73061683462214
2000-10-19,-34.765958501825274,-6.1597251831429425,1.0295456664811633,-28.350738027716442
2000-10-20,-35.12176584922043,-6.805543852000147,0.4939175842428324,-29.40520919651018
2000-10-21,-33.818656456561236,-6.224156442799388,-0.812178850385113,-29.03193008913657
2000-10-22,-33.62191442898982,-5.7904697373269,-0.6906546346259735,-28.786249190814402
2000-10-23,-34.79024477253131,-5.103184319631682,-0.28415097222099484,-28.765053802764264
2000-10-24,-35.07337657846917,-7.0504119948882655,-1.255802324349084,-29.737680463355918
2000-10-25,-34.4800694020096,-7.028289066119917,-0.35581358828140563,-28.54284221755436
2000-10-26,-35.296137232855436,-6.83471071884475,0.025361937084895536,-29.32238263770769
2000-10-27,-37.1231520242687,-5.511275152070029,1.5443121235521469,-29.30317903042202
2000-10-28,-37.518156101950446,-4.649757569094039,0.5953192761614534,-30.49318557437335
2000-10-29,-37.60602827294331,-3.4916403933310054,0.44691475248521534,-31.654677323198356
2000-10-30,-37.31016565528568,-2.950458870956891,-0.5405147286304701,-33.66401961605834
2000-10-31,-36.99215913653835,-2.8174094213461642,-1.40364714396102,-32.66207149387442
2000-11-01,-37.39742553597809,-2.1025804104433345,-0.1590531357017828,-33.55198001583647
2000-11-02,-38.276972894417675,-1.017919500069393,1.3492984999271216,-31.80474061954025
2000-11-03,-37.521255573127675,-1.1565370786232139,1.2640999106468223,-31.3047379441899
2000-11-04,-36.33426223313332,-1.7816726536214174,1.274105188057892,-29.773574394117464
2000-11-05,-38.900890859146486,-0.925855805359415,1.9203510016770085,-30.034181052311535
2000-11-06,-39.09484861910081,-2.4272570202092605,2.575837626799309,-29.897972591041466
2000-11-07,-38.153848118419255,-2.537850269441065,1.1232328901466706,-29.26580294170507
2000-11-08,-38.83710619338389,-2.8373338690278596,2.184837071954516,-28.561316226366014
2000-11-09,-38.61371783615088,-2.849501575714132,1.909397767597919,-29.661729148874354
2000-11-10,-39.952701672819316,-3.305460096785672,1.3666735697256005,-29.109444073407687
2000-11-11,-40.561137259372885,-2.0855780543830527,2.6218053730165547,-28.904504818833416
2000-11-12,-39.65455286872568,-2.6244520840993353,4.154587219718095,-28.504677407211137
2000-11-13,-39.09218227251277,-3.2332219776002034,2.6865150418497405,-28.00768007898597
2000-11-14,-40.73517835686037,-2.599829361265102,0.6848786728680718,-28.056021676076035
2000-11-15,-40.08364035422933,-2.963469157057226,1.2201844908666082,-29.74066937880497
2000-11-16,-40.05420081603246,-2.8868770351883986,1.6051678524210071,-30.008425725395124
2000-11-17,-42.77303082302624,-2.0603519538692243,2.128904142975181,-31.046973709695706
2000-11-18,-42.567194294699426,-2.7269676969632966,3.7557551506746605,-31.951555775984577
2000-11-19,-41.82550475040794,-3.424788738446944,3.30262583911753,-31.96035845593518
2000-11-20,-41.40937287929757,-4.761468791516895,2.2814514774151884,-32.297292945123274
2000-11-21,-42.15963009609177,-3.8674167619934803,1.719885354337289,-30.57073145726867
2000-11-22,-42.67517695832715,-3.93943552103095,3.1002069328138395,-30.362006180688194
2000-11-23,-42.75492978066051,-3.1642054545385134,1.7557541440552493,-29.77934007043627
2000-11-24,-41.59936098775478,-3.147106465030392,1.2312999176024284,-29.76739443984012
2000-11-25,-43.573060290269254,-1.460362852625932,0.6266530283640218,-28.352008893100056
2000-11-26,-44.34533168346587,-2.33349952469003,0.4014028267695846,-28.592713437609945
2000-11-27,-44.1763288433306,-2.1559228917298503,0.810389679470571,-30.244115327033086
2000-11-28,-44.346318201988275,-2.111588901913459,0.6355971990508672,-29.915444354805224
2000-11-29,-44.37188525062744,-1.178151286609087,1.9131596359078413,-29.389901983529253
2000-11-30,-44.76481048379448,0.7498895819640996,2.9503781899685406,-31.13602506865035
2000-12-01,-44.604400941132624,2.469927147724823,3.7683894983142485,-30.985792038944446
2000-12-02,-44.14500317091142,1.640689156406586,3.5831203755127405,-32.641120830139805
2000-12-03,-44.15787920635314,1.5289514580023094,2.763083581793843,-32.15369643165632
2000-12-04,-44.5443927267949,-0.6766404719872308,4.33520159862658,-32.10444350725051
2000-12-05,-43.938507245618986,-0.7067428343621874,5.777478763825966,-31.722043873048
2000-12-06,-44.04486131100374,-1.63831220382853,4.769930819804916,-29.729990028047176
2000-12-07,-45.90160691140008,0.10908181134444384,5.204376366887936,-31.078546918447195
2000-12-08,-45.37283430191913,-0.298370214373586,4.674499627224416,-30.670615008133236
2000-12-09,-44.169341611029395,-0.40775453251485794,3.724383969178412,-30.247787433253478
2000-12-10,-43.75878133521273,-0.2091874398943188,3.661536671036976,-30.733753635979223
2000-12-11,-44.905336788697184,-1.2275897194647363,5.703916986341223,-30.443844077057598
2000-12-12,-46.35714761806801,-0.9975025770262094,6.4582057319473805,-29.021265784876253
2000-12-13,-46.94021002861826,-0.3589872679765844,8.624911820572857,-29.754852872073606
2000-12-14,-47.025074562274064,0.6703745608910365,9.779513562031239,-29.81666709032848
2000-12-15,-48.26096175640428,-1.1821250343908243,10.219499141865573,-31.778386844657806
2000-12-16,-49.57019566897984,-2.0197616019355698,10.575765277687658,-32.582120690558924
2000-12-17,-48.84104802791179,-2.44353473366624,8.864450808075954,-32.45232872174114
2000-12-18,-47.922621120792364,-2.1027809456679343,8.88658488886668,-32.78282842636983
2000-12-19,-48.616672167173945,-1.1617005650604708,11.572718883195384,-32.84702553376651
2000-12-20,-49.78441324057515,-1.4423142956808794,10.735257717305132,-33.544173104205875
2000-12-21,-50.464827073731236,-1.5328039336634598,10.58821085431314,-33.57239662026447
2000-12-22,-50.17825898731684,-1.6115574106135226,11.043607719932345,-34.59998870591425
2000-12-23,-50.24570262540123,-2.661021796310715,10.479523816810808,-35.961608438679434
2000-12-24,-52.66800911095071,-2.301360184178137,10.875767816471662,-35.82644550096936
2000-12-25,-52.27432108407265,-0.4671219655724066,9.394383243146203,-37.01755454911443
2000-12-26,-50.628267002612986,-0.7678723729243297,8.505321226040326,-37.61025994377321
2000-12-27,-49.44112959128311,-0.21374962315765011,9.912294607854255,-37.36945794107397
2000-12-28,-50.55051552636073,0.6263628941687738,10.770388391441738,-38.38541627486061
2000-12-29,-51.11855053100465,1.0676122807127477,11.283000861229,-38.54902936168131
2000-12-30,-51.5539412215648,2.9667354914297004,10.81905983392531,-37.09764706456379
2000-12-31,-50.204285360858144,2.4377811635349707,11.959759033878376,-38.878520154180116
2001-01-01,-50.46077287647001,2.847227005504614,11.185347766859215,-38.93988377157347
2001-01-02,-52.24484379088939,2.9530907950074137,11.370491602892843,-39.63878170515051
2001-01-03,-52.26566748762213,2.562704648980879,11.11845562125073,-40.56555489913019
2001-01-04,-51.45791972744149,2.3456926376389506,12.582457218064631,-39.63080152718481
2001-01-05,-52.254470356464424,1.477299827037209,12.722656051893404,-38.609230519842804
2001-01-06,-52.2200403117276,2.50027094308124,12.97802481804159,-38.737160752745176
2001-01-07,-51.56898563643655,3.45891430560491,13.074921574225513,-39.263960335249436
2001-01-08,-51.90190843472407,2.138356764733654,11.805219022025378,-40.64283739872854
2001-01-09,-51.78360065176661,1.5260633286755696,12.059390660820634,-39.93271261452305
2001-01-10,-52.3337271929179,1.483079508846363,12.961700273890687,-41.04465302036716
2001-01-11,-52.76225586450581,0.8105986598332566,12.651436937939838,-39.14358575941325
2001-01-12,-53.112353073069336,1.0307011278837273,12.774568071346213,-40.32671371343427
2001-01-13,-53.53019194406099,0.5466532982103045,10.266620633681587,-41.68188005398514
2001-01-14,-54.18359710468907,1.0791749651395572,10.714437538434527,-41.18853647693205
2001-01-15,-54.06384425167377,0.10766047802053536,9.936639862581929,-40.72939262854272
2001-01-16,-54.624644283105525,0.10283796677745774,10.709249863247615,-42.56878298372506
2001-01-17,-53.473937820382105,-0.14963064718877175,9.652607587882391,-40.93436631091318
2001-01-18,-53.15269606358852,-0.35452194855098734,9.474480066330567,-41.41844294743774
2001-01-19,-55.13048591226715,-2.252889098374473,9.191861089301232,-41.741864103252716
2001-01-20,-55.07235010230021,-2.110185946084951,9.308784356411424,-42.51336143555166
2001-01-21,-56.608055618860696,-3.975117251327563,10.344877702650319,-42.372269382365275
2001-01-22,-56.75007324646696,-3.2776663922523444,10.459486914664033,-42.46791062343256
2001-01-23,-54.98779573095196,-2.8179732208599924,10.173389364201439,-43.006228678598504
2001-01-24,-53.84537612038381,-1.6496308491601928,10.917158595003075,-43.768187598006186
2001-01-25,-54.19866107287857,-2.842692351165936,10.417254980940783,-43.13539581165389
2001-01-26,-54.404700295289246,-1.4015262916066957,10.839502032393224,-40.822601334947855
2001-01-27,-55.19035409273852,-0.7537354284978806,9.39898553609431,-41.35044575857482
2001-01-28,-55.68645332622341,-1.5065045338699727,8.979031550190196,-42.43849362641155
2001-01-29,-56.03232115526263,-2.1884532396050647,7.7825779765805745,-42.889781747115734
2001-01-30,-56.24419487462776,-3.3956087269613233,6.883792768671386,-41.54958065039885
2001-01-31,-56.76074112843277,-3.228659834742972,7.548323435273922,-40.41903546699241
2001-02-01,-57.000817826484315,-3.358273024268233,6.0980625437578055,-38.56852640660657
2001-02-02,-59.23668620908002,-3.9136564318894704,5.589006239200814,-38.83315432958508
2001-02-03,-60.139345321853085,-3.7897994155336074,6.269035919359487,-38.759528402625776
2001-02-04,-62.479008402256774,-1.9406402109635226,4.779334970908055,-41.54445010587708
2001-02-05,-60.93436923757803,-3.8422771524562913,5.290832056540855,-41.076080192515434
2001-02-06,-61.01410836441595,-4.350010686056855,4.302928707434506,-41.63393932196954
2001-02-07,-60.99353857660581,-4.146327892099491,6.356839913860327,-40.797575388877085
2001-02-08,-58.809943975121755,-4.691206893676923,5.25267282689181,-41.82035600640138
2001-02-09,-57.60288189108602,-5.257725329584599,4.821720934978179,-43.42781572339513
2001-02-10,-58.64722158431519,-4.257595342046068,6.504614748918923,-42.42122985351062
2001-02-11,-59.227877000551416,-4.841531810563214,5.107490367780054,-43.651600555224775
2001-02-12,-59.58979303237357,-3.5253468597767097,6.319747811394497,-42.48198093443306
2001-02-13,-59.89759082367288,-3.078090846247393,7.2828188336635264,-41.75281404486229
2001-02-14,-59.160659145239684,-3.5660650002091785,6.889645156124931,-41.18944389587464
2001-02-15,-59.35748859307561,-4.946079255703707,7.138506717315565,-41.250390631782786
2001-02-16,-60.99799456394566,-5.397667879366643,5.848936542521448,-41.315153366331124
2001-02-17,-61.31172576043392,-5.546505699256469,5.297799375181212,-43.44755458974348
2001-02-18,-61.76781807687943,-7.3778694505486655,4.419716985156667,-43.798636818980235
2001-02-19,-63.03859277703135,-4.719055371206224,4.936807008899899,-41.41112584805292
2001-02-20,-64.4546690203228,-3.246312545358175,4.614683263841306,-40.012904932881256
2001-02-21,-65.28961649590876,-1.4082489277034551,3.9923661169719304,-41.18101548292644
2001-02-22,-65.9017059319538,-0.849119273458809,4.691062975974667,-41.42437844739881
2001-02-23,-66.60395341898001,-1.258546249056966,6.215411145744221,-40.968238522436
2001-02-24,-65.60837313100224,0.07349162285015498,7.245346095442786,-40.09169583350733
2001-02-25,-65.54107652084492,-0.5862754596146813,6.418148480620259,-41.469296541299265
2001-02-26,-65.75137437609536,-1.1608957953446037,4.450625126521324,-40.71516063081084
2001-02-27,-64.50272150812056,0.16245755542349016,5.7469393372563164,-40.076541827194966
2001-02-28,-63.570787662819356,-1.2887470711588367,6.673100885424293,-41.00032715234432
2001-03-01,-63.97355752828911,-1.5811582522900773,7.697539773183465,-41.60052350657228
2001-03-02,-63.49872789278249,-1.5289749037144917,8.405088105224204,-40.999972258588464
2001-03-03,-64.54934354302111,0.1156377440698857,8.949204541718073,-41.92838580033898
2001-03-04,-65.1024016891242,-1.5351638748128447,8.005186251394397,-41.44474461109883
2001-03-05,-64.62896866214071,-2.467818372715146,9.065467011730412,-41.954217294019536
2001-03-06,-63.451850974867135,-1.1896108974432091,9.06940455674119,-41.326227807309074
2001-03-07,-64.06982836781243,-1.6622439486026839,8.589320634538748,-41.82381290148345
2001-03-08,-64.29884510475286,-2.1901589421998144,9.1802604694614,-41.749817407055126
2001-03-09,-63.44890103490381,-0.7022653109427679,10.518731554422121,-41.92121517284529
2001-03-10,-63.73620492703258,-1.5681482813804541,11.380180862673665,-40.75564929760154
2001-03-11,-65.09101715775564,-2.2489672919129853,12.10005065002673,-39.033354266168416
2001-03-12,-65.22227699186757,-1.5548453628075682,13.097105088939092,-39.03816151036419
2001-03-13,-66.03489258293145,-1.2699289476094546,13.738089317268813,-39.852760467604895
2001-03-14,-65.06689821767583,-2.063587439371898,12.482802588367772,-40.05225886688291
2001-03-15,-63.72334104566826,-2.438962366881484,13.302986652113843,-40.28276129902853
2001-03-16,-63.63759197626596,-1.9504938166158747,13.703204136871523,-41.00100472889909
2001-03-17,-64.32062358096843,-2.9086766196130394,14.54888312795704,-39.745645981620214
2001-03-18,-63.77517991395851,-4.45843684371436,14.330433169340894,-39.13809026896343
2001-03-19,-63.903327821685465,-2.7173809372959203,15.947547937263348,-39.00979555169968
2001-03-20,-64.70760814098925,-3.1727131836485603,14.786188259508236,-39.741178694479466
2001-03-21,-64.07612199082183,-3.875633199034021,15.853857728588297,-39.964817308238835
2001-03-22,-62.877684561896864,-2.4446503373460926,14.57207733537173,-39.705793392286985
2001-03-23,-62.21753492288459,-2.713199213204006,12.710332151629775,-40.50525717057919
2001-03-24,-61.97737283133397,-1.866365742974517,13.68782286649602,-41.361899229896444
2001-03-25,-61.92864257154148,-1.8583368825306368,13.447969180319701,-41.96175538371107
2001-03-26,-62.71751531743939,-3.503366514306791,14.334439414161308,-40.89284729018354
2001-03-27,-62.58412079865232,-3.1323815558361545,13.606215639274751,-40.75743105865888
2001-03-28,-62.52599424170572,-2.512406620871092,12.983768544452214,-41.70919536324267
2001-03-29,-62.066236872920385,-1.7103054962725985,12.569209400262837,-41.38229224986133
2001-03-30,-61.58551838667718,-1.5973982381969318,13.815461748305475,-40.17366468352492
2001-03-31,-59.56918929300025,-3.2837090468060377,13.73421797799841,-41.04697704178962
2001-04-01,-59.30317463856957,-2.017531480581584,13.437684165993403,-38.824438932214136
2001-04-02,-59.00155271215811,-0.49555338174676455,15.078653844335273,-37.72022481743102
2001-04-03,-60.021222066550074,-0.8383411650852657,17.592782250889986,-37.78405161618018
2001-04-04,-60.45535313005308,-1.3933699582657093,14.928255762204472,-36.84514796477547
2001-04-05,-60.20430742108072,-2.3828347003238517,16.14999728953216,-37.86337029125273
2001-04-06,-60.70310802932857,-2.0666657485080044,17.27051524535141,-38.37314653225231
2001-04-07,-62.038785893482185,-0.4010843569863367,15.2178683326032,-37.27476896142267
2001-04-08,-61.93956203237887,1.2210912100369928,14.29989296764601,-36.165077384808484
2001-04-09,-60.10862050065162,1.3704672600704768,14.43133303713184,-35.46327030437952
2001-04-10,-61.156055018365635,0.7752063001231513,14.66592568684301,-35.79107286227475
2001-04-11,-61.640946984679566,-0.0025996289237617543,14.793409533130552,-35.1654888497943
2001-04-12,-60.91966618799954,-0.7997274203389119,14.55585634548689,-33.725490205370356
2001-04-13,-62.24726234391552,-1.031628113131708,14.342358445668017,-32.67358066277402
2001-04-14,-62.13023618117215,-0.8087563521976988,14.69486542893518,-32.73423162598448
2001-04-15,-62.8928872272567,-1.6388372638248159,14.367226092149098,-33.40012036249788
2001-04-16,-64.40323146443716,-0.391132348609448,15.172861166636373,-33.13949079725703
2001-04-17,-63.69377131043202,0.1809952805991768,14.415622596230108,-34.32653404603252
2001-04-18,-63.88912968693076,-0.4469505531746991,14.18844811196536,-33.60324597605443
2001-04-19,-64.60147093852608,1.0149126137540838,15.11748593797883,-33.487060900720806
2001-04-20,-62.936665609268424,1.0880249249695884,15.278817096137212,-32.95734761328531
2001-04-21,-62.835139766002094,1.2088841641985242,17.88706333281125,-34.95799053705853
2001-04-22,-63.27128917556684,-0.0630818131119315,17.472148605545353,-33.7440938553941
2001-04-23,-62.215502061096096,1.1963835413353496,16.365843490649716,-32.685052033292784
2001-04-24,-61.62675770314355,2.2014159695109896,16.19504641924766,-31.229941876904523
2001-04-25,-61.334857043632596,2.3373937928246535,17.147767446646046,-30.703250719693344
2001-04-26,-61.4597902687101,3.4960165377872334,15.896780111338192,-30.884286497352733
2001-04-27,-61.41834055761885,2.0254410825357017,16.23742970257458,-30.86867393677201
2001-04-28,-61.01036655290309,3.066616027952948,18.914817250497766,-31.2110682587481
2001-04-29,-60.414113498597146,2.9386133173170967,18.586008245965292,-30.159809841774244
2001-04-30,-61.57694684916748,4.015446718544277,17.306514530528727,-30.92345098053709
2001-05-01,-60.523550517698986,4.319677394956528,16.72065442304118,-31.770288230093268
2001-05-02,-60.178540622250594,2.9443344331038035,16.636136150268623,-31.274845968806247
2001-05-03,-58.99058585443143,2.9636540375325575,18.43053901747946,-31.598854167500736
2001-05-04,-59.49035924098617,3.560039450022623,18.07807256089695,-33.393268656107765
2001-05-05,-59.26497084337814,3.534177535027586,19.819507075249437,-33.10903696151203
2001-05-06,-60.362524325998756,3.3332380706701046,20.504803093809837,-33.97765204713295
2001-05-07,-60.7143330758384,1.3961233115094367,20.237839261245956,-34.837258685098654
2001-05-08,-61.65251727072668,2.6566060626081187,19.10162703192417,-33.93247387222676
2001-05-09,-63.18483252244806,1.9115585008379243,18.810712664785385,-33.93610743956034
2001-05-10,-64.58691232113613,1.104590486029544,18.99221182574582,-34.99846916780046
2001-05-11,-65.75889113789616,0.6707197436282577,19.76985911758445,-35.67443121209501
2001-05-12,-65.04492083005421,-0.27977374290216994,20.09368137794484,-36.710144188138194
2001-05-13,-64.15530550846181,-2.110345895316568,21.544574162341807,-37.30828624836545
2001-05-14,-63.07535616030874,-2.5021771751101167,23.147002128647785,-37.193105871483475
2001-05-15,-62.30397257697939,-3.7014200403281,24.27892561274428,-36.1962294142665
2001-05-16,-61.534922230938314,-2.590688326914902,24.587266260720853,-35.86687836128533
2001-05-17,-61.551579168037655,-3.8254996832014485,23.22801168396529,-36.94491417098919
2001-05-18,-62.417493795871586,-3.911037387040037,22.138885131734302,-37.066707022205044
2001-05-19,-62.96859394786946,-2.5412189297475285,22.548248621639235,-37.94535655310853
2001-05-20,-62.103728503299756,-1.174792932416333,22.93144120446413,-39.80982069132581
2001-05-21,-61.9403962084282,-1.8258784677079098,21.979671076737873,-39.49046341948261
2001-05-22,-61.50605523910335,-3.7921404822430915,22.158958876815063,-40.00322098392907
2001-05-23,-59.766712451817604,-5.216345207426748,22.680947664608624,-40.12834456092516
2001-05-24,-58.95499948938363,-4.288292991174124,21.54548651950246,-41.491038361599294
2001-05-25,-60.49893496509554,-4.826942753035375,21.558215819097093,-40.775329928521
2001-05-26,-59.925638755538216,-5.154354117058577,21.25996716569797,-41.43211512053096
2001-05-27,-59.58930778430644,-4.446897403510336,21.037254352835966,-42.034836712338326
2001-05-28,-59.866370130920636,-4.982400888659916,21.601788740839925,-42.29621798100795
2001-05-29,-59.371988223356745,-4.02163636605888,21.054658454749912,-43.09559361548575
2001-05-30,-57.96727685457624,-5.859738150840628,21.67161210304366,-44.14601658315411
2001-05-31,-56.401238835033574,-6.939101242564746,24.774760167038334,-44.30217950269863
2001-06-01,-55.41161793123087,-7.198702629407969,26.17619698339908,-44.857973695818835
2001-06-02,-54.76289892337586,-6.598608454260026,26.49329233429193,-45.91922846402105
2001-06-03,-54.87169764049876,-6.854709044305045,26.83759624300558,-46.512665123426444
2001-06-04,-55.905418595206726,-6.554483478918486,26.209490926284825,-48.40329672178455
2001-06-05,-56.403223877908886,-6.458406992779612,27.62310403975052,-47.92393680656738
2001-06-06,-56.69439181824696,-6.845052911205937,27.958049740070514,-47.28953103235416
2001-06-07,-57.851838188628385,-5.640933316068512,27.002009792307543,-47.5594629711712
2001-06-08,-55.89611121603833,-4.342320990585918,26.201089871259494,-47.48133876318462
2001-06-09,-56.952155823971935,-4.728710269889824,26.831847824430866,-46.27534035647603
2001-06-10,-57.97138497334734,-4.109828852103558,25.588099107649235,-47.086015065530255
2001-06-11,-58.08498295549933,-4.239624010018113,25.4099006292771,-46.008726221822805
2001-06-12,-57.54873218147534,-3.668509122427884,23.611712418387008,-45.07776642887072
2001-06-13,-57.76702116467876,-3.405168926385012,23.20355685064127,-45.36255576405212
2001-06-14,-56.6765703904228,-4.1696137378266425,23.60451613861013,-45.271753606639635
2001-06-15,-56.20608778322269,-3.827443946487419,22.577969854626176,-44.25839752877683
2001-06-16,-55.722958367355716,-4.3510313739397075,20.843423901303698,-43.790383287860436
2001-06-17,-57.16174530521877,-4.760043068230764,21.415841182399653,-43.85179572529818
2001-06-18,-57.903831458753906,-4.386749542127269,21.860379406073626,-42.84405293260806
2001-06-19,-57.25044463042077,-5.718330792966238,19.4869407360246,-45.04947267607827
2001-06-20,-57.744601421937254,-6.906002544010831,20.83941622658457,-44.320794349252424
2001-06-21,-58.02453726795695,-7.673133829741014,20.538192951792457,-46.0744317828612
2001-06-22,-56.4170599766606,-7.104216040925806,19.71862366064144,-46.1913027448851
2001-06-23,-57.08298862471522,-8.48218972457278,18.95076821390637,-46.7274296019487
2001-06-24,-56.334778056304074,-8.33682658704989,19.772583897464283,-48.00344750183237
2001-06-25,-56.40130580950657,-7.3900220932749905,20.659035195215253,-48.20904959294711
2001-06-26,-58.876314733054315,-7.672387702731293,20.247665529702715,-47.82704280426574
2001-06-27,-58.98216200646548,-9.888154125693626,18.982842819159142,-48.80346498022017
2001-06-28,-59.11534505363913,-10.325756383933944,19.86018212562351,-49.30563059193049
2001-06-29,-60.01098010651102,-9.00472313160572,20.01206967111704,-49.115394026771185
2001-06-30,-60.0188009476379,-9.205890733492954,18.925533371453298,-50.03961268916054
2001-07-01,-59.11674193143568,-9.002815773905569,17.418535551174784,-49.312719410761446
2001-07-02,-59.378238170409915,-8.572534351668846,16.834083762993206,-49.146750504029015
2001-07-03,-60.03729578332245,-8.19884547783763,16.074889132888725,-49.220103380633894
2001-07-04,-59.40960027868226,-6.826046125685436,16.067081225392393,-49.93437274033165
2001-07-05,-59.33524624914015,-6.744288255273304,17.643699457113073,-50.57114109488187
2001-07-06,-59.87822509727041,-7.132793561304807,17.225663483943332,-50.8784913383312
2001-07-07,-59.24190603491206,-5.554908162991043,19.378662611656775,-52.0800438102074
2001-07-08,-60.00736372025537,-7.468368359367464,20.601573708747946,-52.626441947093504
2001-07-09,-62.08667512720678,-7.22933563936593,20.02426679866523,-52.836356181808135
2001-07-10,-61.859967528362816,-6.609844841655045,18.963930564386285,-53.490707626455865
2001-07-11,-61.13414456158581,-6.635029155496202,17.81638967026599,-53.28493568784571
2001-07-12,-60.81152741816033,-6.271431839355755,16.17989533456991,-52.77434613954429
2001-07-13,-59.5315062483325,-5.803452258873085,16.79609005394481,-51.6515034632305
2001-07-14,-57.739616878357374,-5.116032980809308,16.71009512349211,-51.765883070746575
2001-07-15,-58.40696352800523,-5.039863786375727,16.672914370002744,-53.27993016560351
2001-07-16,-59.25949840279509,-5.201801650176886,18.155613491237254,-52.62283132260913
2001-07-17,-60.00282667547299,-6.6118892033131464,17.50792779769744,-51.55505878033182
2001-07-18,-58.659710799618296,-6.736298694410201,17.613698163691197,-52.2594423846946
2001-07-19,-59.57897149036677,-5.474758087852726,18.1450612042131,-53.1951590469857
2001-07-20,-59.85712118328996,-5.277593160825967,18.426662738208414,-53.7762118545879
2001-07-21,-58.99630423662256,-4.166849918813907,17.799653555940818,-52.88471843183435
2001-07-22,-59.45401821806031,-5.388028219422354,17.70923684483072,-53.57539899798147
2001-07-23,-61.11318595333782,-6.838159387451569,17.087884831412843,-54.041630147875544
2001-07-24,-60.97073804715172,-6.6935883371174905,18.21765529686257,-52.50601509069196
2001-07-25,-59.36740557300935,-6.242823629746841,16.754167952563083,-53.12857077251196
2001-07-26,-58.4905664331602,-5.600235073871375,16.880284955675755,-52.81586035489139
2001-07-27,-59.94937674160437,-5.90813977129482,18.007457380343432,-53.028817678106066
2001-07-28,-60.280709790658406,-6.438889732623062,17.52732157480221,-54.64836694138565
2001-07-29,-60.6798869986231,-5.993537144591503,16.097469686729983,-54.6355205093676
2001-07-30,-61.620118117558654,-4.9322768133520825,16.424339438083617,-54.40241526747492
2001-07-31,-60.76764718521911,-4.485839907588681,17.650638931930764,-54.0302757183681
2001-08-01,-59.70388388504058,-2.0510504607502087,18.27758345651867,-54.812625752423344
2001-08-02,-59.26537233822955,-2.0906470821132657,16.544965068054,-54.31659205777529
2001-08-03,-57.806637111677475,-2.038613000420866,16.299747100561554,-52.02754739369554
2001-08-04,-58.647469832889975,-3.890580681661148,17.180497687739685,-52.471492359406824
2001-08-05,-58.395728672576375,-2.563613411988978,16.573107955448094,-50.77635561621686
2001-08-06,-58.1801731639964,-0.6210235844617391,18.573940260602935,-49.63737125480737
2001-08-07,-57.89994387051656,-0.49485031191271955,19.7922112756,-50.65808088392305
2001-08-08,-59.70774780081164,-0.42985976931015274,21.14943429536971,-49.76116735763354
2001-08-09,-60.373687684592916,-0.578682914457674,21.0645767236227,-48.993081982195214
2001-08-10,-60.38083564930055,-0.24061849355617332,21.444501517824904,-48.80678603277446
2001-08-11,-60.12898192207839,0.6394731898273771,22.487964125909432,-47.890124041388546
2001-08-12,-61.10372661335382,0.13758363438993093,22.69181425881237,-48.717607201881826
2001-08-13,-61.475949272485984,0.908341906551867,22.13332639196792,-49.44788497879842
2001-08-14,-59.301632943206286,1.5760990040256004,22.091739095660255,-49.89550376834345
2001-08-15,-58.55520130664009,2.206333159532246,23.43441831325636,-51.10142410627533
2001-08-16,-57.9347472658635,2.8251174902886556,23.703329328582004,-48.739154234045486
2001-08-17,-57.042403762104925,3.522456812464387,25.94479704262969,-49.42929610407705
2001-08-18,-58.109090490289454,2.52246326852681,25.877520233557412,-49.36585265643979
2001-08-19,-56.756470221948454,0.6668539081792031,24.526430300480804,-48.15255362062767
2001-08-20,-56.40267635311672,0.6600349153960915,24.287019709960923,-48.528174112439764
2001-08-21,-56.786896687839175,0.43741196460162474,25.09283512678258,-49.71540506697189
2001-08-22,-56.279310110838985,0.6607625991581033,24.989942253954457,-51.077941868630184
2001-08-23,-56.111251888695584,0.7290788721234439,23.99311373986399,-50.45448462789129
2001-08-24,-56.07535141887379,1.8442056685923292,23.411074542950136,-50.77679627847145
2001-08-25,-56.32632266783443,1.887733376522172,23.92163910284551,-47.33585379473655
2001-08-26,-55.52134954496537,2.0594711594137785,23.81650135656906,-46.41460941353066
2001-08-27,-56.22334626851957,2.0607221607274067,24.199515957581575,-47.51676532633303
2001-08-28,-56.562757516167714,3.4051595707945497,23.98008603280235,-47.69239712339977
2001-08-29,-57.50692358623911,2.1072225219318854,22.167927026290577,-47.565245523285306
2001-08-30,-58.00921312746332,4.075728555926983,21.734947709305782,-45.37158094981195
2001-08-31,-59.246876800214345,4.91054374279219,21.597825742299612,-45.563406699739225
2001-09-01,-59.22272032061086,5.305578933171271,20.779857266897466,-44.14371531654581
2001-09-02,-61.145194939261046,4.920107807741398,20.005925417147893,-45.082918942232915
2001-09-03,-60.80544838275628,6.135078426728262,19.583477311396926,-43.50527573527558
2001-09-04,-60.08122813265213,5.84808346855406,20.386134591390746,-44.37384102277824
2001-09-05,-60.16327500264118,5.894007828959481,19.430573526459614,-45.352601522898304
2001-09-06,-59.48819946903787,6.821335250931423,19.240609623793745,-46.15718591566414
2001-09-07,-59.42337146777265,5.1430394329524605,18.487734565368033,-45.31947733876375
2001-09-08,-59.18001502359784,5.583510599162783,19.041746275229066,-47.19865118948188
2001-09-09,-59.560378236088255,5.879390403752834,18.084849590265183,-47.33696324186503
2001-09-10,-58.47374514537232,5.961056938517545,16.948984972777804,-46.55804754569949
2001-09-11,-58.11837156490084,8.01207055440781,16.208408550251065,-45.80346300993526
2001-09-12,-59.49016018888379,8.527106065080057,15.193005686935821,-45.77561954349138
2001-09-13,-60.51145522300658,9.089555600576269,14.54166155424119,-45.995401138229376
2001-09-14,-60.486602220533484,9.949227601008626,13.45084514775806,-45.638436622334865
2001-09-15,-61.313976661286624,8.943058991283738,15.352282781402408,-44.42943237724348
2001-09-16,-62.857393412759805,10.051159894802028,14.659753387299265,-43.876290467926964
2001-09-17,-62.24536208487932,9.695675160686397,13.87450821749745,-44.183422979417436
2001-09-18,-61.23845083375745,11.190908089700123,13.216478167459503,-43.842092450643754
2001-09-19,-60.69480325510723,9.572720551868034,14.948122002375156,-43.97190070799014
2001-09-20,-61.27320600089413,10.170640403178231,15.783248280666973,-44.169519253164
2001-09-21,-61.4494351875979,8.72485495652749,15.559346639680596,-45.51418758395769
2001-09-22,-61.26624178266725,8.012481092755289,15.1960230313817,-47.00612080456518
2001-09-23,-62.93503837639696,8.879929077599964,15.074204550707151,-47.190971597574595
2001-09-24,-63.1054648503943,7.209180579850122,16.145761764832294,-45.70286572436908
2001-09-25,-63.7388846252099,7.639732789892387,16.434795956604805,-45.281096965915296
2001-09-26,-63.628772845433446,7.642052114274727,17.728867574180455,-45.679245115068014
2001-09-27,-64.17204529365321,7.654564247556136,18.177071846120175,-46.41619021008203
2001-09-28,-63.675792244583235,7.053310054828731,16.731866331375777,-46.95346625106401
2001-09-29,-65.21201397173765,8.745913834206489,18.156142108167273,-47.08854775062612
2001-09-30,-63.56512811954706,7.740308774912111,19.26164668286108,-46.425516750008896
2001-10-01,-62.71036310098422,8.041276575317873,18.95375789615434,-46.97904785922811
2001-10-02,-62.87271249002034,6.974269734051931,18.41323667387199,-47.52063718473542
2001-10-03,-61.715141197106284,6.554975610204076,16.88015229322821,-48.26767345137816
2001-10-04,-62.331949365200586,4.197625598406008,16.041008769773157,-47.32158008983914
2001-10-05,-60.983310339815645,5.306404986964667,16.89337581449344,-47.203195595779235
2001-10-06,-61.635162721916494,5.928633021700502,16.539589171100605,-46.438787873513725
2001-10-07,-62.80061840499775,6.904126851571659,16.42966145268026,-45.871989246911426
2001-10-08,-61.58750994348984,6.823463398338603,18.21095962252768,-44.734318217558744
2001-10-09,-61.30751924354842,5.532597331071113,18.804458727319254,-44.20501037491663
2001-10-10,-61.266314661563584,5.99609797986525,17.28768560274279,-44.13322468655152
2001-10-11,-62.026459256868364,6.908180119663009,18.443352944573483,-44.19067081263806
2001-10-12,-60.97846576530497,7.460472058386162,18.79764814687484,-43.63928632030105
2001-10-13,-62.68968485143237,7.069790389233826,18.47194644436117,-44.19013773094493
2001-10-14,-63.49480466786398,7.126480458350171,19.978561281725927,-44.285319803980805
2001-10-15,-63.07501689486055,7.396813620395736,20.21812283249353,-43.03810321409905
2001-10-16,-64.55806246001713,8.02951742629718,19.87042158059797,-41.17994426788891
2001-10-17,-63.413306463997536,8.101042054635,20.082372594220743,-40.848804326052864
2001-10-18,-63.78631580864689,8.488252898880457,20.61868112386822,-41.15182991766991
2001-10-19,-63.63768329008916,8.036058365062619,19.753933041394117,-39.774791521632004
2001-10-20,-64.80216810837028,9.422294153589412,19.99943928115999,-38.91566513302761
2001-10-21,-66.11289544048557,8.105173537014998,19.519709105724495,-38.35289442661384
2001-10-22,-66.84865930524941,8.441410890408811,19.15067879333711,-36.94971006872003
2001-10-23,-65.27078014686633,8.096460972331307,18.747744170545253,-37.93825834777959
2001-10-24,-64.87092546344853,7.794994928895622,16.558397807328998,-38.87167067013042
2001-10-25,-66.09210393827092,8.651840985684796,15.59022278149991,-39.6637544525175
2001-10-26,-65.0566712631377,9.209048701106981,16.630102134805394,-38.348938993411224
2001-10-27,-63.41281630056929,9.3398460220733,16.811356851788307,-37.48919033303647
2001-10-28,-62.05316864933128,11.251604489556419,18.14745746177109,-37.24018072529789
2001-10-29,-61.34465445134946,10.85583639422106,19.542657574312333,-37.74682076665911
2001-10-30,-59.59322305829949,8.250587591132767,19.370293733756764,-37.57115945340519
2001-10-31,-61.16792788164989,6.828898220184496,18.98181596117279,-36.86495426855491
2001-11-01,-60.42956983779385,7.544448383217184,20.367524431402074,-35.18168637213504
2001-11-02,-61.28275354016624,7.417053037764786,20.237441360174536,-33.754651879746234
2001-11-03,-61.188131669506355,5.635685900132554,20.88249338983087,-32.4401660924808
2001-11-04,-59.50455120476997,5.752746987897322,22.119347315607428,-32.109925742707844
2001-11-05,-59.84462230306897,5.129179463371545,21.833265759439897,-31.710594209045983
2001-11-06,-61.69428713638837,4.5262955292377764,20.551110171352242,-31.379146974532848
2001-11-07,-61.36960812872392,5.480732367479879,21.513157046760803,-32.30989874099157
2001-11-08,-58.41189014274104,5.485130653821997,20.339511109073683,-32.48006402053561
2001-11-09,-58.788263181538106,6.307284657520675,22.313538990775484,-31.772094395490356
2001-11-10,-57.78700274147131,7.224814002450711,22.09320723376145,-31.87783085710257
2001-11-11,-56.80053018567291,7.697704222751728,22.16992511967791,-31.915919904494338
2001-11-12,-55.6495973152256,6.267094294410128,22.270656415211928,-30.313149565007322
2001-11-13,-55.93346465658564,7.437022666237035,22.025471314364776,-30.327135789862826
2001-11-14,-55.66628239844985,7.079454560882172,21.206785070876766,-31.223472914786612
2001-11-15,-54.01359552166889,6.877186954016812,19.272187407834576,-30.73489629398521
2001-11-16,-51.94108529510285,5.357842905032144,19.287906289758332,-28.771535257322583
2001-11-17,-50.75332765518059,3.6333724776866934,17.431769544840627,-27.942729045073225
2001-11-18,-50.72798969806615,3.8552001358635684,17.320800717331707,-26.94106688504749
2001-11-19,-49.146141007979665,4.6786013547077046,17.391401013916823,-25.821484191707192
2001-11-20,-49.924182850142316,6.322245380864768,17.053149680793137,-24.74916217382203
2001-11-21,-50.22485167016172,6.154430172845584,16.343116056279214,-24.317346891611045
2001-11-22,-50.67872891754528,5.107904386708634,16.237595774285744,-25.347557243247564
2001-11-23,-50.364630403089656,6.385502441300471,15.408365285820329,-23.96032606386876
2001-11-24,-49.349227736256935,5.327142013398381,13.146527825536193,-24.817990186201083
2001-11-25,-49.91176064605657,4.403996170332016,13.197037112229964,-24.3294618549167
2001-11-26,-50.785328376327975,3.970017770376577,12.373318547529566,-24.34603215713377
2001-11-27,-49.099625188971,4.271006399634761,12.729180392962572,-25.37755788604754
2001-11-28,-48.62046461532712,3.727389585019066,12.462404838936703,-24.841658096541813
2001-11-29,-48.624027415879844,4.328550811814182,13.02760740589853,-26.23899475171628
2001-11-30,-48.39841133090687,3.7241479883367847,14.0104142920624,-27.353905615344583
2001-12-01,-47.93194969149411,1.8995221017888175,14.351950968088415,-26.727334679712502
2001-12-02,-48.696112316811664,0.7488244936424848,13.072254260988839,-25.43765275720053
2001-12-03,-47.03859724467598,1.013129683154325,13.944814522451388,-24.245011178694085
2001-12-04,-47.94623221039363,1.0389158490322954,13.910237020863336,-25.800271976909592
2001-12-05,-48.78703719978154,1.3984467426456895,12.710189759530142,-26.87721565051829
2001-12-06,-50.20956035060342,2.160115740665255,12.375200379931634,-25.634356691022134
2001-12-07,-48.52317762546975,1.2658286759254391,11.652057743791923,-25.717624388346955
2001-12-08,-47.18636580392669,2.5316193012100285,10.571905068407716,-24.41632801264941
2001-12-09,-47.21554476770585,0.8717698862438956,8.807049936681732,-22.90885136512681
2001-12-10,-47.69923129447673,-0.5211101220246321,9.573401923219846,-23.566121838965007
2001-12-11,-48.43794533001252,-0.9711362593808723,10.01732269154948,-24.560429596215744
2001-12-12,-46.95614791202925,-0.9429709928552799,10.352373978569206,-23.840139062164045
2001-12-13,-46.93515594425469,-0.21449888069862144,12.337805638290543,-24.64893675974173
2001-12-14,-45.61075450966554,-0.7632113932255126,11.790988066554554,-25.30508726089941
2001-12-15,-45.29861151654804,-0.1678173893581042,12.727246102214337,-26.551734762439562
2001-12-16,-46.42756786415865,-0.2981565600109378,11.479454167519041,-28.799121900265245
2001-12-17,-47.21704629959216,0.11524919790496141,12.84019416436505,-30.50137575187183
2001-12-18,-46.98887953466314,-2.5824991795799206,13.051034822723398,-30.087656758841124
2001-12-19,-47.24177958650348,-3.7637922784132307,15.122065197950988,-30.823263385292893
2001-12-20,-48.740971249049814,-3.661680980937997,15.906506786737314,-30.335317651569664
2001-12-21,-48.208459022607094,-3.383226394967598,16.215113372699243,-30.746823300210426
2001-12-22,-47.67553037494988,-3.0124324714721955,16.923741360641014,-30.743242616346926
2001-12-23,-48.6180455848933,-4.431377628280906,18.36017705846585,-31.610151965549495
2001-12-24,-48.241895161561985,-5.189462215136522,19.67511773347324,-31.200107825878234
2001-12-25,-47.4668965029675,-4.622278727580678,21.43183361685473,-31.064453786969782
2001-12-26,-46.9836114980664,-3.0736834232925094,21.591890047888402,-29.99090801264923
2001-12-27,-46.707627547225634,-2.970391069932337,20.58577048044581,-29.112432708642103
2001-12-28,-46.86463494869104,-2.8743204383578456,20.785039332627807,-29.43873504300285
2001-12-29,-47.36464553627226,-1.7775353591701122,20.88292965180671,-30.17215183699323
2001-12-30,-48.01986444415957,-1.5796667647937117,21.0797564326885,-30.001469993842125
2001-12-31,-48.5249691470694,-1.4568880549472434,21.004788101758887,-29.142086456676758
2002-01-01,-46.90821294939257,-1.1587382693725032,22.16315294082888,-28.164460183901504
2002-01-02,-47.5014353785768,-2.0175724260403967,19.80581142484254,-27.02396930573317
2002-01-03,-47.33293110156213,-2.0459304128982008,20.215027144043187,-28.014586240101828
2002-01-04,-46.13255377674881,-2.0600322392045047,19.09774312111881,-27.835173492157423
2002-01-05,-46.260528182637046,-1.983116566935761,18.728688233635435,-27.378661723294815
2002-01-06,-46.41164727592037,-2.653635206919093,18.72041222467662,-26.455996862036056
2002-01-07,-46.30180061121532,-1.1635955042270052,18.68459690382869,-28.45581162309823
2002-01-08,-44.72049373775604,-3.779092583749059,19.71595941505125,-27.943458744845376
2002-01-09,-45.01647539824444,-3.9759411148211505,20.077887541579635,-26.423131364938275
2002-01-10,-44.86723696190657,-3.0634746235295274,20.591278560838546,-27.01797175233749
2002-01-11,-45.931589331343844,-3.161155430003668,17.968364452182072,-27.388495897631397
2002-01-12,-45.23584896869745,-3.426348373603363,16.737607331972736,-26.26119112293729
2002-01-13,-45.12895810813016,-4.008664824043073,15.532517712310419,-26.191274310664696
2002-01-14,-47.5570855801352,-3.9537165934776626,15.701536647790734,-24.234283530811158
2002-01-15,-48.681531652138226,-2.8739926058885845,15.302049270550853,-25.05094031130431
2002-01-16,-47.693810551930866,-4.176059158338905,15.37486813903314,-26.89087129389523
2002-01-17,-46.58171245188861,-4.342609584829504,14.061113848292969,-27.144327929061063
2002-01-18,-47.496237199885584,-4.501993239850563,13.483756120024692,-28.357301458777005
2002-01-19,-45.41870152807141,-3.202493295580643,15.822534123730254,-28.392923578241966
2002-01-20,-45.223060469498826,-5.239816518399659,15.278576388803046,-28.85509172441305
2002-01-21,-46.24995120023458,-5.481274200209339,13.032255817823437,-28.767214645138452
2002-01-22,-46.83946985069358,-5.129073153115765,12.184888539333954,-29.07066336496332
2002-01-23,-46.95314512944812,-4.657755583082673,13.200597681011457,-29.49126161045465
2002-01-24,-46.24730048690559,-7.84556213670747,13.854318631536865,-28.716225209420163
2002-01-25,-46.11879447634664,-6.391206395127476,11.830427472585985,-29.76366743894471
2002-01-26,-45.83787531188459,-6.6903407021237395,12.281310459676922,-29.657257329150042
2002-01-27,-46.141018349867174,-7.968907524931938,13.318811871427295,-30.563875276693405
2002-01-28,-44.38633708954576,-6.528185943882909,12.7468645858712,-29.983263867478506
2002-01-29,-43.46499645634184,-5.60491851958126,13.262213838792334,-29.033349758973376
2002-01-30,-43.37019292572406,-3.689023162231972,12.641768696429345,-29.476599679328103
2002-01-31,-42.72876073338467,-5.45462774246665,13.209936000176121,-29.082121024229767
2002-02-01,-41.75553276202492,-3.7253814249469848,13.602092346410046,-29.358314831053104
2002-02-02,-42.53880908356736,-3.366775504715991,13.363031060110464,-28.942137047539337
2002-02-03,-42.57204823104736,-4.3592135678127795,13.28600759295085,-29.47674966804605
2002-02-04,-41.992801383182005,-4.105286727299247,13.601471352046236,-29.239429083144103
2002-02-05,-42.844815735797326,-6.298001561574191,13.476048028774763,-30.102332416603105
2002-02-06,-43.10963305871074,-7.605243483978773,13.746120767083342,-31.027521378589995
2002-02-07,-41.95742847668903,-6.250861679860734,12.479678344435554,-29.57234644564734
2002-02-08,-41.97004844329069,-5.493125884987978,11.953185331716101,-31.070240323739366
2002-02-09,-41.721483945050394,-5.5106950665242564,11.74523179318127,-31.6930363432666
2002-02-10,-41.726219578892845,-5.208040907022185,10.709981186931161,-32.56925677976103
2002-02-11,-43.24794771179965,-4.628597725414648,8.570509674638911,-31.575929312932367
2002-02-12,-43.88017215751687,-2.298214262630716,7.769812024808098,-30.902424585709912
2002-02-13,-43.98208601953741,-1.8846239787071375,7.139614612735892,-32.57823959195064
2002-02-14,-44.09570397571044,-2.3283662619737497,5.726557968829336,-32.75108938914592
2002-02-15,-44.12980750061606,-1.9131067519282725,4.956997133539536,-30.78215334415437
2002-02-16,-44.97552723138942,-0.04413788703238897,3.9375424252684077,-29.6099610224384
2002-02-17,-45.31626659772323,0.10113603778207986,4.218328620371526,-30.381009185315204
2002-02-18,-45.03390537664909,-0.6919763309887368,4.333844232910369,-30.208905412108013
2002-02-19,-45.43265063353777,-1.3931912347357012,2.6611623342938957,-31.545625760071246
2002-02-20,-44.55331705325338,-1.9669673318911562,2.9482027143110137,-31.32578375538773
2002-02-21,-44.33887563494118,-2.0803008997310184,3.4050152866789727,-31.366865282980687
2002-02-22,-44.540580890458415,-1.5429167575300156,4.633251323553512,-30.521615832224057
2002-02-23,-43.29838030793879,-1.4128356656451246,4.317106438322368,-29.607187648997986
2002-02-24,-43.122497712098635,-2.124964983784057,4.57976698326064,-29.370387467601628
2002-02-25,-42.716397947074206,-2.450739750665592,4.202773827575857,-28.47315637844274
2002-02-26,-41.67359886532355,-2.6427610653079245,3.5327387510880817,-26.463292131417013
2002-02-27,-44.1435464132933,-1.9259253804590442,1.963551332582543,-26.927719762802635
2002-02-28,-43.02659802856168,-2.523096890629075,-0.428691051334134,-26.707044260244732
2002-03-01,-42.11492886178196,-2.0939864251114675,-0.8201737845769287,-24.897666624951967
2002-03-02,-42.409808743550116,-2.2701194208175,-0.32952549901609596,-25.696809223027635
2002-03-03,-42.78181332487838,-1.2255868596649406,0.8512339634531957,-25.33141494449109
2002-03-04,-42.39719381073572,-1.7919837736413962,1.2548903320649687,-25.836537833669468
2002-03-05,-43.732971485433474,-2.2693255599162647,2.387266061749594,-25.64692926552581
2002-03-06,-43.750746753369235,-2.0363399559652056,1.7437762152872773,-25.61617756182926
2002-03-07,-42.41444000178992,-1.674722816854401,2.4697697145143467,-23.524281759840722
2002-03-08,-42.52725052940751,-1.5852595111707883,2.924658295927503,-24.51388843714009
2002-03-09,-41.57950065841501,-0.8112712358236598,3.8103015711485946,-25.52000130248146
2002-03-10,-41.43370705029362,-0.852979506013059,3.747957976572283,-26.730114726485787
2002-03-11,-41.4394594012558,-0.21125316785026038,4.11902195427095,-27.309492176533343
2002-03-12,-44.370744309074816,-0.1591173356625003,3.455965185818286,-26.06353967650547
2002-03-13,-45.57291115944019,-0.5214635173207329,5.788707800683312,-25.668396778651264
2002-03-14,-45.64566386369758,-0.8490794835533453,7.4234617321902485,-25.82947965900551
2002-03-15,-45.981814230679134,-0.3961507476458982,7.704917597942066,-27.45183401012798
2002-03-16,-46.39764571325889,-1.8367714709571215,6.418959096145081,-28.28668028016549
2002-03-17,-45.533842348274895,-2.5718074240253532,4.267471136715903,-27.245924170257428
2002-03-18,-45.93211664946159,-2.599112173682858,4.0712721191015575,-27.34725198564515
2002-03-19,-45.869363265526545,-2.752257489910304,5.08996077822496,-26.760019571325895
2002-03-20,-47.28125421964963,-2.213552881086636,4.518994821590348,-26.411195599785785
2002-03-21,-48.97733253995307,-2.2474034414366852,3.670518293690958,-27.587646910617238
2002-03-22,-48.99770635234433,-1.0435016755087472,2.5416542156433533,-26.939938895601678
2002-03-23,-47.89621885358565,0.11144879994981949,2.9279623417619334,-25.988887703527553
2002-03-24,-46.909340737808236,0.27485232402197324,2.587967875057412,-25.081183986052153
2002-03-25,-48.65058276687957,0.9821719532251122,4.473515741243496,-24.00659041588165
2002-03-26,-49.476949381759695,1.8282090038392924,4.656524965721879,-23.297706499992174
2002-03-27,-49.71858783496957,0.7861680221569058,3.8813179281012835,-24.994798950222005
2002-03-28,-49.734976502026285,1.827215548177732,3.6027833837810745,-24.588680379412722
2002-03-29,-49.110391262623516,2.5409304840559033,2.980282057349447,-23.802776408605244
2002-03-30,-50.49261064707221,3.311556992646671,3.871520625304026,-25.608826444747496
2002-03-31,-50.21159144633192,2.300555370034203,4.185361300208631,-23.984215018313392
2002-04-01,-50.34108875059697,2.3418743274313227,5.80767155656775,-24.067147358703398
2002-04-02,-49.226074075672976,0.3677452466219209,5.601768915340794,-24.03108356339058
2002-04-03,-50.07076674126889,-0.09294149746683877,5.2974124001085965,-24.15273256377642
2002-04-04,-49.29110858165384,0.6290521762895603,3.722338120024333,-23.11066324083676
2002-04-05,-50.69657247465029,0.12643262232253027,4.456056310226673,-23.440050512936146
2002-04-06,-49.90579018195573,0.5424630247994406,3.5845284592311537,-22.62552493101038
2002-04-07,-48.576172480004224,-0.6709730126522995,4.828390268611568,-24.978530913945157
2002-04-08,-49.961786405648475,-2.640410372512619,3.69810192295535,-25.47921720652218
2002-04-09,-49.6389623876144,-2.5818420016403785,2.6072379424973877,-25.906408280133775
2002-04-10,-49.37485371537177,-3.8298462458029494,3.7208333463158487,-26.19539167560616
2002-04-11,-50.14235902694547,-2.437362638802883,3.188257841030441,-25.476179057339507
2002-04-12,-51.13475125233577,-3.6815088108384115,2.9279841865358134,-24.867000102376196
2002-04-13,-53.586318192202214,-3.3392850560319256,5.26083609471238,-25.79095889964366
2002-04-14,-54.48179456784582,-0.5542522755163639,5.570123481327869,-27.351075843717314
2002-04-15,-53.629957396656415,-0.44305836713438906,6.361080085721085,-28.162708763223435
2002-04-16,-54.10525840575228,-0.14160091072653336,7.053134056758964,-28.782971531475045
2002-04-17,-53.188297525492715,0.31202478517475674,8.232553610470172,-28.422957323580572
2002-04-18,-52.49014481951873,0.32085532490923496,9.333243251179168,-28.935982613840885
2002-04-19,-53.331922219435825,-0.5131255022725805,8.09899047950084,-29.969650361338324
2002-04-20,-53.952957216063886,1.0202120686884613,7.159742478053295,-28.944428705104354
2002-04-21,-54.23985723250294,1.9542099324500493,7.767995427204603,-29.241832857625855
2002-04-22,-53.24624467576766,1.4268788261817047,8.62293455861839,-29.692837905004005
2002-04-23,-52.504712869035146,0.7065706250454958,9.332317741449417,-32.33691589631834
2002-04-24,-52.17302586660117,-0.6772823024584008,8.807028909191077,-32.064445165478574
2002-04-25,-51.80126371649299,-1.509256467063589,8.69964837767434,-31.639695363907286
2002-04-26,-51.96995614033438,-2.0303105864592883,7.838277185456008,-31.7589296755085
2002-04-27,-51.506884899055805,-2.118866299672356,7.984287491839244,-32.392299254687735
2002-04-28,-50.40792666321081,-1.8145163507468887,8.710432181498186,-33.25187192748835
2002-04-29,-49.61880270728316,-2.226779253422183,7.147034244687542,-33.39292641897237
2002-04-30,-49.54744617649691,-2.1323479094835265,7.722063600246212,-32.8875479234429
2002-05-01,-49.56413820966566,-2.323322368496545,8.791073903872402,-32.05042389471125
2002-05-02,-50.33805483928938,-1.834334816778283,8.535628975826608,-31.56758680687155
2002-05-03,-49.473245319437325,-3.2973878175915643,9.895319168067058,-33.203575422272785
2002-05-04,-49.408219596417744,-2.2994862795118216,10.88371491100825,-33.286942894946115
2002-05-05,-49.70539390428535,-2.4953416355526725,12.197442189571328,-33.13693895318067
2002-05-06,-50.1295996755481,-1.8510297744414106,12.624191047686594,-32.711884650503976
2002-05-07,-50.129299365111045,-2.0128055494320347,12.279414925858735,-33.89622317171925
2002-05-08,-50.029217644325854,-2.3179534993969324,13.406789509308576,-33.24606082152016
2002-05-09,-50.88356892547274,-3.209949039292167,14.732457429515556,-36.18196641742216
2002-05-10,-50.96683152299868,-5.4138515521207315,14.720537584567717,-35.30493195821334
2002-05-11,-51.182540165471885,-2.6769963296161996,15.016279417990068,-36.21818483430827
2002-05-12,-53.585057235549584,-4.16209589043931,13.920005938856473,-34.72528677763629
2002-05-13,-53.550910994957356,-4.0419747941288815,13.281542682665776,-35.51248487550879
2002-05-14,-53.8552749758952,-3.4960696983323576,13.568799547347602,-36.22537265425767
2002-05-15,-55.41526784234995,-3.4086280930085535,14.486712391742504,-35.80929491978933
2002-05-16,-56.310191664816315,-3.887493437482956,14.023656320782065,-34.95260884978012
2002-05-17,-57.6537091700601,-4.563461014088399,13.470107080253202,-34.26690717533991
2002-05-18,-58.74307621679828,-5.784506354812229,14.185864282658896,-35.05072069962027
2002-05-19,-59.625785223127,-5.1325940075321235,13.150931557501313,-34.98679014716021
2002-05-20,-58.07602033699896,-5.907485400410715,12.880578850636663,-35.19218833198475
2002-05-21,-58.58964474385025,-5.2841093216853565,12.829935244148883,-34.40146106015115
2002-05-22,-57.620258766901806,-6.147005508799669,14.076223600128811,-34.97695925700478
2002-05-23,-58.14391760010307,-7.609366434553453,13.418446355166251,-33.86163665005385
2002-05-24,-57.90511549388536,-9.418598703403559,13.290118426215695,-33.51459163850332
2002-05-25,-56.38065081164636,-9.906123106283044,14.530420887340606,-32.67260675191266
2002-05-26,-56.49513031864977,-11.430482210292427,14.59927154491512,-31.84936368871633
2002-05-27,-58.27072458378606,-11.545980074140067,14.71235030499455,-31.285172140578005
2002-05-28,-59.7935668547689,-11.808976898913452,14.998431874483419,-30.733207826499125
2002-05-29,-59.83743518176123,-12.867934837572747,16.707222094769854,-31.460290334711566
2002-05-30,-60.730684439635574,-10.938261039237894,18.175837792408135,-31.537053347089987
2002-05-31,-61.13251396881658,-10.423831423161692,18.287452143811407,-32.5109621314758
2002-06-01,-60.44568329142907,-9.589618362357701,18.031973481294305,-32.67296721184389
2002-06-02,-60.415000611651706,-9.665764509624033,18.13767069606562,-32.42704706149462
2002-06-03,-61.148124707239006,-9.16671112893271,19.898395453900612,-32.67347823725101
2002-06-04,-61.27392173217212,-9.946500806611455,19.947965014935207,-33.83751291802067
2002-06-05,-62.43657066479504,-10.812582770472908,19.234211708787765,-35.179850912866
2002-06-06,-62.630491368344885,-9.97943765405563,19.19062307857286,-33.87170705582557
2002-06-07,-63.14871078659669,-10.36377272689137,19.852911663184955,-34.60457485296392
2002-06-08,-64.87694565720307,-11.267064390807446,19.0962755568579,-33.2943993047581
2002-06-09,-64.30658782335689,-11.563360899230103,18.29294498923957,-33.804275956460614
2002-06-10,-62.717313855638324,-11.67631436875104,19.90357917998651,-32.40040905166863
2002-06-11,-63.66951737633831,-13.038757480738584,17.823563879917682,-32.45780186240801
2002-06-12,-64.44431373709212,-12.159069145926,18.139991609978704,-33.23515178835133
2002-06-13,-63.61143304252015,-11.75005325636116,19.2327407395858,-33.89430626954422
2002-06-14,-63.662818314280095,-11.123798944720233,19.724465767955344,-34.031341940556196
2002-06-15,-63.6556973773849,-11.352727044870079,20.256656632154208,-35.03697308912014
2002-06-16,-63.81897233037924,-10.38495479436872,21.395498760094704,-32.679890391581345
2002-06-17,-61.335403890738554,-11.428482804356914,22.580641403907066,-33.45138601509024
2002-06-18,-61.609633479942445,-11.817400726634789,21.05907958077905,-33.27413781854923
2002-06-19,-62.653424035336165,-11.962783371705429,20.52092499401862,-34.92720085995173
2002-06-20,-63.676774688346605,-12.28766005490318,20.395751977806842,-34.9146494504664
2002-06-21,-64.89140465693508,-15.501377441787195,21.02262662140696,-33.679436292039206
2002-06-22,-64.00963546061699,-15.70111847958358,21.642068274043673,-33.63928520318316
2002-06-23,-65.02028256645784,-13.678819574246754,20.01914226315779,-34.14186466500081
2002-06-24,-65.31256333588816,-14.983543498828183,20.503554067749466,-35.7636088849722
2002-06-25,-65.40884673843178,-13.76088436526483,19.944732887111176,-35.626351143064404
2002-06-26,-64.02273081899415,-13.278869650690147,18.844103772302333,-33.74343439056429
2002-06-27,-65.20657874581354,-13.976913713824768,18.912250240210827,-32.150288353879574
2002-06-28,-66.0584599734837,-13.569575640978028,19.147897869104828,-33.17392616903446
2002-06-29,-66.94672606896458,-14.223671568176048,17.608567544820637,-33.296768840383486
2002-06-30,-64.6005928507438,-14.145706045457205,16.027674235930583,-32.73107639657179
2002-07-01,-66.28258114214246,-14.165706220217979,18.40339021036226,-32.2199874049088
2002-07-02,-66.08873178977801,-15.183413707085364,19.342171631985206,-31.971658897309574
2002-07-03,-67.09906569366186,-15.40541645727101,20.082187029377746,-29.64156165779044
2002-07-04,-67.49598441863935,-15.894378859440568,19.289145706982538,-28.642148685373773
2002-07-05,-66.51290056161666,-16.031864283441212,18.07280550107289,-27.371690988948853
2002-07-06,-66.93790614963683,-15.7189785822143,17.203056810362074,-28.000663456292113
2002-07-07,-66.94830645149354,-16.110562765927245,16.802503434800183,-27.721955692744483
2002-07-08,-66.28963079228838,-16.826298299250176,15.812029207281327,-26.770528479225327
2002-07-09,-66.45567081313148,-16.114259732377477,16.829149566568837,-24.984063211688888
2002-07-10,-65.58272949702041,-16.89469593299825,14.746611766111199,-25.023502794920415
2002-07-11,-65.4092330908287,-16.602666592127992,13.336918945758024,-24.683250561316058
2002-07-12,-66.36016095404898,-19.277259517076995,12.439767721028772,-24.639750555610927
2002-07-13,-67.45504087585155,-18.304657437360262,14.086350662477965,-23.090453905921372
2002-07-14,-68.28760031301326,-17.420434456233345,12.844069801390242,-21.371132111252155
2002-07-15,-68.37337236414047,-18.028876746233966,12.676251379423073,-22.765044698716878
2002-07-16,-68.41184361830035,-18.558943079429913,13.318998288744679,-21.967537617062888
2002-07-17,-68.3010352751165,-18.026632914504376,13.139267356081856,-23.397492096678512
2002-07-18,-69.34938465743048,-19.422816366586243,12.990597114291527,-22.495427438229182
2002-07-19,-69.51705465775004,-19.60107949881549,12.027268464865799,-21.220254868016454
2002-07-20,-69.25840873378255,-18.19250602093986,11.20590591528116,-21.506682767830043
2002-07-21,-69.28946661418526,-18.361006099677223,11.491659549764147,-20.63880193468085
2002-07-22,-70.78167377013558,-19.203180575074352,11.551612095794818,-20.327586895810786
2002-07-23,-71.32422132952703,-20.01341575480904,12.13839274938595,-20.045538309695605
2002-07-24,-71.48434641098324,-20.95370829967402,13.138615846771577,-20.820626122849724
2002-07-25,-70.83254749204404,-19.50158617175204,12.77717429041235,-18.2989188873875
2002-07-26,-72.6279223807353,-21.568030115202923,13.864452040780009,-17.508601529306485
2002-07-27,-73.52763759597819,-22.288455222030304,15.859738889561594,-16.4923671277453
2002-07-28,-75.04475540955602,-23.388890260399734,15.169490507851682,-15.51222806970971
2002-07-29,-74.98943513855147,-23.445679631673027,15.402691211836556,-14.082857437330073
2002-07-30,-75.27406868506539,-21.940347484975916,15.413276974391593,-13.505628845762311
2002-07-31,-75.82115159264295,-22.071920419571367,15.628720950209221,-15.743923882801502
2002-08-01,-75.94737217906714,-21.656853716447348,15.920016840043818,-17.20806371660964
2002-08-02,-76.60741357431961,-21.708234448716706,16.43753387564971,-17.12208400024127
2002-08-03,-77.49016342599172,-21.649441649568544,16.747419938678668,-17.236654606440087
2002-08-04,-78.30090000354211,-21.00494136014992,16.390278959032234,-16.32606104331373
2002-08-05,-76.18288668912986,-20.153637564961272,15.576647553301381,-13.747833228113953
2002-08-06,-76.98352576027031,-20.749494705826233,15.185813842610434,-13.288384470165868
2002-08-07,-77.1247355747835,-21.802160570846087,15.463576755293126,-14.642847947190392
2002-08-08,-79.24219169418384,-21.679911386141836,15.021402424166743,-15.617587139911198
2002-08-09,-79.24719081572049,-22.729288008118477,15.704099202667424,-16.542707296164497
2002-08-10,-78.85748600595849,-22.443766985639922,14.815798504721709,-15.822168556936541
2002-08-11,-80.05258031166443,-22.118366873609197,14.383079195057647,-14.669682072075648
2002-08-12,-79.27612672315198,-24.150456834842082,14.208679602231703,-14.729944940985401
2002-08-13,-80.16026015097356,-23.984887196897294,12.33663543814153,-16.1861790609258
2002-08-14,-80.22375522664123,-23.87504596916301,13.415230106992144,-16.847425645939545
2002-08-15,-80.99800314500364,-23.49155117153585,13.3510393304583,-16.39190526145989
2002-08-16,-82.00642667647234,-22.53701832617857,12.929212188734585,-16.89288109611693
2002-08-17,-80.8197636817356,-23.33112654873363,11.015434100581007,-15.724577506249743
2002-08-18,-80.49214132131702,-23.63421700575745,11.51489367927652,-15.698976211998797
2002-08-19,-78.86148013100164,-23.806947516229776,10.72798662319682,-15.863151582657398
2002-08-20,-78.98466937005726,-21.916331474870685,11.40554605418074,-15.800409240888268
2002-08-21,-79.48636196083528,-20.913358333524023,13.21502473860087,-14.413852971258807
2002-08-22,-78.68274283351354,-21.28758669845466,13.599870364226657,-14.498060176812004
2002-08-23,-78.22677028320517,-22.21482204206385,12.109912469107677,-13.828029049618003
2002-08-24,-78.8316299451014,-20.54311313856021,13.504976889587699,-13.838083351720211
2002-08-25,-77.52131223164231,-19.830399446357948,14.639778008236748,-13.841419486473166
2002-08-26,-77.03040365252988,-20.47891684573004,14.302093531833881,-15.533155276666612
2002-08-27,-77.78839555474842,-19.514605142513084,14.74200678625684,-17.23437642776033
2002-08-28,-77.40353979927622,-19.499347946096016,12.660463187788327,-16.62172645875751
2002-08-29,-76.7748083254563,-20.189854963693282,11.556694474844702,-17.689872222665294
2002-08-30,-76.33770610195751,-20.973430316960716,12.207350827046104,-16.987778558706058
2002-08-31,-76.58004446690701,-21.149652518645883,11.24918910982159,-16.72025856637954
2002-09-01,-76.47249357071942,-21.108823533427813,10.545133980569217,-17.043899511886853
2002-09-02,-77.49281325797074,-20.66989409897264,11.576607734874719,-18.403571306508535
2002-09-03,-76.29838958765103,-20.363047283058084,12.189985415027515,-19.32466300142701
2002-09-04,-77.6922264677833,-19.138071684650917,13.588498937101408,-18.31046957140724
2002-09-05,-77.90203059971499,-17.25346190447615,13.857099581515772,-18.610587507874023
2002-09-06,-78.43616614680322,-16.709219191146076,14.634432445356069,-18.506638497945332
2002-09-07,-77.49401104591642,-17.32996832633166,14.181407336793203,-18.003423676886815
2002-09-08,-76.81300632627934,-17.036182013209974,13.59582233342566,-17.71365461971913
2002-09-09,-77.39390932944933,-15.468482750835726,11.433612642850829,-18.6149492641393
2002-09-10,-77.99936506333151,-14.138045410190623,10.997589656028962,-16.377820423798834
2002-09-11,-76.61342085582653,-12.899534219052601,12.25355590416731,-15.47678466554042
2002-09-12,-78.37421221092569,-12.345306971065511,12.449440366041276,-17.74802787958414
2002-09-13,-78.16831580335489,-13.273947669804986,14.008851071263557,-17.900103944719977
2002-09-14,-78.40395648644495,-12.424695722658392,15.730238437365928,-16.759409506120086
2002-09-15,-79.03842437596609,-12.405377576308545,15.426534898932427,-17.755740447744312
2002-09-16,-79.39737629389447,-11.678957113354024,15.164353062098302,-17.52740279255345
2002-09-17,-79.71463051127613,-12.341314084467976,15.110770744093369,-16.856595945298675
2002-09-18,-79.13878523068887,-14.538286546298139,15.285826290458068,-17.50572941316316
2002-09-19,-79.73421683291335,-14.712118303890964,13.930873070044376,-16.85707468909359
2002-09-20,-80.3035231496988,-13.85835599437683,14.081907491574164,-16.308215102831074
2002-09-21,-79.26537664243601,-13.516490952913918,14.825041066563658,-15.439702771464903
2002-09-22,-79.46377290688655,-14.030352559920123,15.565258562290634,-15.487569874577247
2002-09-23,-80.10179108196068,-13.054592186996835,13.354899268577102,-16.106686072114968
2002-09-24,-80.34570085074212,-12.505077910134066,13.476502160195922,-18.489733799299923
2002-09-25,-80.92530779441566,-12.631610651036455,13.659476187195148,-17.936538421555795
2002-09-26,-81.39694633248769,-13.298109411412177,13.321955420812023,-18.573376149648414
